GROUP,SPECIATE_ID,HAPS,nonVOCTOG,CARBONS,OXYGENS,AVERAGE_MASS,ATMOSPHERIC_HYDROXYLATION_RATE_(AOH)_CM3/MOLECULE*SEC_OPERA_PRED,HENRYS_LAW_ATM-M3/MOLE_OPERA_PRED,OCTANOL_AIR_PARTITION_COEFF_LOGKOA_OPERA_PRED,VAPOR_PRESSURE_MMHG_OPERA_PRED,WATER_SOLUBILITY_MOL/L_OPERA_PRED,logC*_ugm-3,Update_SOA,MIR_g/g
aromatic,1,FALSE,FALSE,1.00E+01,0.00E+00,1.34E+02,1.11E-11,8.02E-03,4.31E+00,1.37E+00,1.63E-04,7.00E+00,1.00E-01,2.36E+00
aromatic,3,FALSE,FALSE,1.00E+01,0.00E+00,1.34E+02,1.11E-11,8.06E-03,4.31E+00,1.28E+00,7.68E-05,6.96E+00,1.00E-01,5.76E+00
halocarbon,9033,FALSE,TRUE,5.00E+00,1.00E+00,2.50E+02,7.24E-15,1.03E-02,1.59E+00,3.47E+02,6.71E-04,9.67E+00,0.00E+00,5.83E-04
halocarbon,9034,FALSE,TRUE,5.00E+00,0.00E+00,2.52E+02,3.42E-15,1.14E-02,5.20E-01,4.31E+04,9.20E-05,1.18E+01,0.00E+00,2.04E-04
halocarbon,3186,FALSE,TRUE,2.00E+00,0.00E+00,1.02E+02,5.73E-15,4.91E-02,3.64E-02,3.46E+03,1.21E-03,1.03E+01,0.00E+00,7.27E-04
halocarbon,3184,FALSE,TRUE,4.00E+00,0.00E+00,1.48E+02,8.80E-15,6.55E-02,9.71E-01,2.81E+03,1.67E-04,1.03E+01,0.00E+00,6.09E-04
halocarbon,9001,FALSE,TRUE,3.00E+00,0.00E+00,1.34E+02,9.30E-15,7.37E-02,4.43E-01,1.56E+03,6.77E-04,1.01E+01,0.00E+00,7.52E-04
oxygenated,9035,FALSE,TRUE,1.00E+01,5.00E+00,3.71E+02,1.55E-12,3.29E+01,4.97E+00,2.00E-01,4.58E-08,6.60E+00,1.44E-01,-6.95E-02
c-alkane,12,FALSE,FALSE,9.00E+00,0.00E+00,1.26E+02,8.88E-12,8.06E-02,3.74E+00,1.38E+01,9.95E-06,7.97E+00,8.30E-03,1.19E+00
c-alkane,13,FALSE,FALSE,8.00E+00,0.00E+00,1.12E+02,7.90E-12,1.82E-01,4.02E+00,1.53E+01,3.94E-05,7.96E+00,3.00E-03,1.01E+00
halocarbon,9036,FALSE,TRUE,4.00E+00,0.00E+00,1.17E+02,5.92E-15,1.03E-03,2.22E+00,5.96E+02,3.64E-03,9.57E+00,0.00E+00,-
oxygenated,9037,FALSE,FALSE,8.00E+00,2.00E+00,1.46E+02,3.31E-11,5.67E-04,4.15E+00,3.58E+01,2.90E-03,8.45E+00,0.00E+00,-
halocarbon,478,FALSE,TRUE,2.00E+00,0.00E+00,6.61E+01,3.62E-14,2.21E-02,4.69E-01,3.54E+03,4.21E-02,1.01E+01,0.00E+00,1.75E-02
aromatic,23,FALSE,FALSE,1.00E+01,0.00E+00,1.34E+02,2.61E-11,7.72E-03,4.45E+00,6.42E-01,5.84E-05,6.67E+00,1.00E-01,9.26E+00
aromatic,25,FALSE,FALSE,9.00E+00,0.00E+00,1.20E+02,3.14E-11,6.48E-03,4.54E+00,1.64E+00,5.18E-04,7.03E+00,7.30E-02,1.20E+01
aromatic,25,FALSE,FALSE,9.00E+00,0.00E+00,1.20E+02,3.14E-11,6.48E-03,4.54E+00,1.64E+00,5.18E-04,7.03E+00,7.30E-02,1.20E+01
aromatic,30,FALSE,FALSE,9.00E+00,0.00E+00,1.20E+02,3.45E-11,7.06E-03,4.54E+00,1.88E+00,4.93E-04,7.08E+00,7.30E-02,8.87E+00
aromatic,30,FALSE,FALSE,9.00E+00,0.00E+00,1.20E+02,3.45E-11,7.06E-03,4.54E+00,1.88E+00,4.93E-04,7.08E+00,7.30E-02,8.87E+00
c-alkane,31,FALSE,FALSE,8.00E+00,0.00E+00,1.12E+02,1.14E-11,1.38E-01,3.89E+00,1.78E+01,4.21E-05,8.03E+00,1.07E-01,1.53E+00
aromatic,36,FALSE,FALSE,1.00E+01,0.00E+00,1.34E+02,1.07E-11,8.00E-03,4.59E+00,1.21E+00,2.55E-04,6.94E+00,1.00E-01,5.49E+00
c-alkane,40,FALSE,FALSE,7.00E+00,0.00E+00,9.82E+01,9.94E-12,2.63E-01,3.61E+00,4.13E+01,1.82E-04,8.34E+00,6.96E-02,1.99E+00
oxygenated,9038,FALSE,FALSE,6.00E+00,2.00E+00,1.18E+02,2.54E-11,1.09E-07,7.41E+00,3.51E-02,2.44E+00,5.35E+00,1.50E-01,2.552076923
oxygenated,3059,FALSE,FALSE,5.00E+00,2.00E+00,1.04E+02,2.13E-11,9.18E-08,7.15E+00,4.09E-02,8.20E+00,5.36E+00,1.50E-01,-
halocarbon,9039,FALSE,TRUE,3.00E+00,0.00E+00,1.14E+02,1.53E-12,4.49E-02,5.41E-01,4.25E+03,1.69E-03,1.04E+01,0.00E+00,9.78E-02
aromatic,44,FALSE,FALSE,9.00E+00,0.00E+00,1.20E+02,3.64E-11,7.61E-03,4.54E+00,3.94E+00,4.92E-04,7.41E+00,7.30E-02,1.18E+01
aromatic,44,FALSE,FALSE,9.00E+00,0.00E+00,1.20E+02,3.64E-11,7.61E-03,4.54E+00,3.94E+00,4.92E-04,7.41E+00,7.30E-02,1.18E+01
oxygenated,9002,FALSE,FALSE,4.00E+00,2.00E+00,9.01E+01,2.71E-11,7.49E-08,6.88E+00,2.66E-02,1.12E+01,5.11E+00,0.00E+00,3.36E+00
oxygenated,3154,FALSE,FALSE,4.00E+00,2.00E+00,9.01E+01,2.71E-11,7.49E-08,6.88E+00,2.66E-02,1.12E+01,5.11E+00,0.00E+00,3.36E+00
aromatic,51,FALSE,FALSE,1.00E+01,0.00E+00,1.34E+02,1.08E-11,8.05E-03,4.59E+00,1.08E+00,2.43E-04,6.89E+00,1.00E-01,7.10E+00
aromatic,51,FALSE,FALSE,1.00E+01,0.00E+00,1.34E+02,1.08E-11,8.05E-03,4.59E+00,1.08E+00,2.43E-04,6.89E+00,1.00E-01,7.10E+00
oxygenated,3150,FALSE,FALSE,3.00E+00,2.00E+00,7.61E+01,1.60E-11,6.07E-08,6.88E+00,4.41E-02,9.19E+00,5.26E+00,0.00E+00,-
oxygenated,9003,FALSE,FALSE,3.00E+00,2.00E+00,7.61E+01,1.60E-11,6.04E-08,6.88E+00,4.35E-02,9.32E+00,5.25E+00,0.00E+00,-
oxygenated,2299,FALSE,FALSE,4.00E+00,2.00E+00,9.01E+01,2.29E-11,7.59E-08,7.07E+00,1.06E-02,1.11E+01,4.71E+00,0.00E+00,2.71774359
halocarbon,647,TRUE,FALSE,8.00E+00,0.00E+00,1.47E+02,4.28E-13,2.41E-03,4.43E+00,1.76E+00,8.40E-04,7.14E+00,0.00E+00,0.178365128
aromatic,59,FALSE,FALSE,1.00E+01,0.00E+00,1.34E+02,1.07E-11,8.04E-03,4.59E+00,1.06E+00,2.40E-04,6.88E+00,1.00E-01,4.43E+00
aromatic,59,FALSE,FALSE,1.00E+01,0.00E+00,1.34E+02,1.07E-11,8.04E-03,4.59E+00,1.06E+00,2.40E-04,6.88E+00,1.00E-01,4.43E+00
oxygenated,9040,FALSE,FALSE,5.00E+00,2.00E+00,1.04E+02,2.89E-11,2.95E-09,7.21E+00,3.94E-03,9.77E+00,4.34E+00,1.50E-01,-
oxygenated,587,FALSE,FALSE,3.00E+00,1.00E+00,7.51E+01,3.07E-11,5.65E-08,6.76E+00,3.42E-01,1.25E+01,6.14E+00,0.00E+00,5.415333333
alkene,64,FALSE,FALSE,4.00E+00,0.00E+00,5.61E+01,3.14E-11,2.33E-01,2.28E+00,2.26E+03,5.63E-03,9.83E+00,0.00E+00,9.73E+00
halocarbon,9041,FALSE,FALSE,8.00E+00,0.00E+00,1.81E+02,3.79E-13,5.48E-03,3.89E+00,5.10E+00,7.91E-04,7.70E+00,0.00E+00,-
c-alkane,447,FALSE,FALSE,1.10E+01,0.00E+00,1.54E+02,1.37E-11,6.50E-02,4.99E+00,1.95E+00,5.82E-07,7.21E+00,2.57E-01,8.14E-01
aromatic,2157,TRUE,FALSE,1.10E+01,0.00E+00,1.42E+02,4.39E-11,5.16E-04,5.83E+00,3.00E-02,1.41E-04,5.36E+00,2.80E-01,3.06E+00
oxygenated,9042,FALSE,FALSE,1.00E+01,1.00E+00,1.44E+02,5.37E-10,5.98E-08,8.36E+00,2.74E-04,6.73E-03,3.33E+00,1.50E-01,-
oxygenated,1887,FALSE,FALSE,3.00E+00,2.00E+00,8.91E+01,5.34E-13,6.14E-05,2.55E+00,1.01E+01,2.01E-01,7.69E+00,0.00E+00,2.16E-01
alkene,2811,FALSE,FALSE,1.40E+01,0.00E+00,1.96E+02,6.21E-11,3.27E-03,6.56E+00,1.39E-02,9.78E-09,5.17E+00,3.20E-01,1.34E+00
oxygenated,168,FALSE,FALSE,1.00E+01,2.00E+00,1.74E+02,3.57E-11,1.29E-05,7.47E+00,5.26E-01,2.41E-02,6.69E+00,0.00E+00,1.55E+00
oxygenated,3156,FALSE,FALSE,5.00E+00,1.00E+00,1.03E+02,1.84E-11,8.73E-08,6.89E+00,1.87E-02,9.28E+00,5.02E+00,1.44E-01,-
oxygenated,9043,FALSE,FALSE,3.00E+00,1.00E+00,7.51E+01,2.53E-11,6.18E-08,6.68E+00,1.08E+00,1.33E+01,6.64E+00,0.00E+00,6.81E+00
b-alkane,3079,FALSE,FALSE,1.60E+01,0.00E+00,2.26E+02,7.56E-12,2.83E-02,5.86E+00,9.89E-02,4.99E-09,6.08E+00,3.00E-01,-
b-alkane,114,FALSE,FALSE,1.20E+01,0.00E+00,1.70E+02,2.01E-11,1.52E-01,4.32E+00,1.12E+01,1.42E-07,8.01E+00,6.90E-02,-
oxygenated,115,FALSE,FALSE,1.20E+01,3.00E+00,2.16E+02,1.64E-11,2.11E-08,7.76E+00,1.33E-03,1.23E-01,4.19E+00,4.80E-03,7.71E-01
b-alkane,118,TRUE,FALSE,8.00E+00,0.00E+00,1.14E+02,3.70E-12,3.80E-01,3.22E+00,4.81E+01,2.02E-05,8.47E+00,3.00E-03,1.260882051
b-alkane,122,FALSE,FALSE,6.00E+00,0.00E+00,8.62E+01,3.35E-12,4.47E-01,2.70E+00,2.38E+02,2.31E-04,9.04E+00,0.00E+00,1.173315385
b-alkane,136,FALSE,FALSE,6.00E+00,0.00E+00,8.62E+01,5.06E-12,4.43E-01,2.61E+00,2.99E+02,2.61E-04,9.14E+00,0.00E+00,0.969384615
halocarbon,9004,FALSE,FALSE,6.00E+00,2.00E+00,2.41E+02,7.41E-12,2.02E-04,6.91E+00,1.88E-01,2.95E-02,6.39E+00,0.00E+00,-
oxygenated,154,TRUE,FALSE,9.00E+00,2.00E+00,1.74E+02,2.10E-12,1.22E-06,4.13E+00,7.40E-03,1.51E-03,4.84E+00,1.44E-01,-6.47E-02
b-alkane,160,FALSE,FALSE,9.00E+00,0.00E+00,1.28E+02,8.50E-12,2.55E-01,3.78E+00,1.97E+01,2.51E-06,8.13E+00,8.30E-03,1.036625641
b-alkane,161,FALSE,FALSE,1.10E+01,0.00E+00,1.56E+02,1.89E-11,1.50E-01,4.44E+00,3.03E+00,6.51E-07,7.41E+00,4.00E-02,7.88E-01
oxygenated,2338,FALSE,FALSE,8.00E+00,1.00E+00,1.22E+02,7.35E-11,1.43E-06,6.07E+00,7.10E-02,4.67E-02,5.67E+00,1.00E-01,2.12E+00
oxygenated,9044,FALSE,FALSE,4.00E+00,3.00E+00,1.21E+02,2.98E-11,9.72E-09,7.18E+00,6.82E-10,4.53E+00,-2.35E+00,0.00E+00,-
oxygenated,169,FALSE,TRUE,4.00E+00,1.00E+00,8.91E+01,2.85E-11,5.88E-08,6.86E+00,5.50E-01,1.11E+01,6.42E+00,0.00E+00,2.53E-01
b-alkane,9045,FALSE,FALSE,3.00E+00,0.00E+00,5.91E+01,1.01E-11,1.49E-05,3.68E+00,5.74E+02,1.69E+01,9.26E+00,0.00E+00,7.234589744
oxygenated,3083,FALSE,FALSE,7.00E+00,2.00E+00,1.32E+02,3.75E-11,1.57E-06,5.00E+00,8.34E-01,1.16E+00,6.77E+00,0.00E+00,1.813358974
oxygenated,174,FALSE,FALSE,1.00E+01,2.00E+00,1.72E+02,1.28E-11,5.69E-04,4.97E+00,2.34E-01,4.90E-04,6.34E+00,1.50E-01,6.56E-01
oxygenated,1891,FALSE,FALSE,8.00E+00,1.00E+00,1.30E+02,1.84E-11,3.01E-05,5.77E+00,2.23E-01,6.45E-03,6.19E+00,1.44E-01,2.00E+00
oxygenated,3158,FALSE,FALSE,1.50E+01,2.00E+00,2.34E+02,1.38E-11,7.75E-06,7.51E+00,2.95E-03,8.83E-04,4.57E+00,6.70E-02,9.81E-01
oxygenated,3143,FALSE,FALSE,4.00E+00,2.00E+00,8.61E+01,3.03E-11,3.87E-07,4.06E+00,9.89E-01,1.04E+00,6.66E+00,0.00E+00,1.85E+01
oxygenated,178,FALSE,FALSE,4.00E+00,2.00E+00,9.01E+01,1.92E-11,7.03E-07,4.08E+00,6.30E+00,1.07E+01,7.48E+00,0.00E+00,3.01E+00
oxygenated,9046,FALSE,FALSE,7.00E+00,3.00E+00,1.55E+02,3.03E-11,9.74E-09,4.45E+00,5.11E-02,3.80E-01,5.63E+00,1.50E-01,-
oxygenated,3142,FALSE,FALSE,4.00E+00,2.00E+00,9.01E+01,2.89E-11,7.51E-08,6.88E+00,2.12E-02,1.14E+01,5.01E+00,0.00E+00,-
oxygenated,182,FALSE,FALSE,7.00E+00,2.00E+00,1.30E+02,9.00E-12,4.09E-04,3.89E+00,6.58E+00,1.42E-02,7.66E+00,0.00E+00,1.08E+00
b-alkane,192,FALSE,FALSE,1.10E+01,0.00E+00,1.56E+02,1.64E-11,1.47E-01,4.84E+00,7.48E-01,5.29E-07,6.80E+00,4.00E-02,6.45E-01
b-alkane,193,FALSE,FALSE,8.00E+00,0.00E+00,1.14E+02,8.88E-12,3.69E-01,3.98E+00,1.57E+01,8.29E-06,7.99E+00,3.00E-03,1.07E+00
b-alkane,194,FALSE,FALSE,7.00E+00,0.00E+00,1.00E+02,6.43E-12,4.02E-01,3.33E+00,5.97E+01,4.14E-05,8.51E+00,0,1.190002564
aromatic,196,TRUE,FALSE,1.10E+01,0.00E+00,1.42E+02,4.38E-11,5.36E-04,5.83E+00,2.64E-02,1.57E-04,5.31E+00,2.80E-01,3.06E+00
b-alkane,2681,FALSE,FALSE,6.00E+00,0.00E+00,8.62E+01,5.50E-12,5.02E-01,2.80E+00,1.39E+02,1.93E-04,8.81E+00,0.00E+00,1.50E+00
oxygenated,9047,FALSE,FALSE,3.00E+00,2.00E+00,8.91E+01,2.61E-13,4.80E-05,2.26E+00,1.71E+01,2.11E-01,7.91E+00,0.00E+00,1.10E-01
oxygenated,3160,FALSE,FALSE,2.00E+01,1.00E+00,2.99E+02,1.67E-11,4.59E-07,1.11E+01,3.76E-07,4.29E-08,7.80E-01,1.44E-01,-
oxygenated,3139,FALSE,FALSE,1.10E+01,2.00E+00,1.78E+02,1.69E-11,7.71E-05,5.66E+00,2.87E-02,9.34E-04,5.44E+00,1.44E-01,-
oxygenated,3137,FALSE,FALSE,6.00E+00,2.00E+00,1.18E+02,2.77E-11,9.11E-07,4.77E+00,2.14E+00,2.64E+00,7.13E+00,0.00E+00,2.68E+00
oxygenated,3148,FALSE,FALSE,4.00E+00,1.00E+00,8.51E+01,7.73E-12,7.66E-07,4.90E+00,1.98E-02,9.43E+00,4.96E+00,0.00E+00,-
halocarbon,3185,FALSE,TRUE,5.00E+00,0.00E+00,2.03E+02,1.48E-14,5.00E-01,2.39E+00,2.43E+02,3.45E-03,9.42E+00,0.00E+00,2.94E-03
oxygenated,214,FALSE,FALSE,8.00E+00,1.00E+00,1.26E+02,1.89E-11,1.57E-05,4.53E+00,4.23E+00,1.13E-01,7.46E+00,0.00E+00,-
oxygenated,9048,FALSE,FALSE,1.00E+01,1.00E+00,1.56E+02,8.00E-11,5.07E-06,7.38E+00,4.42E-02,2.11E-03,5.57E+00,1.50E-01,5.79E+00
oxygenated,3096,FALSE,FALSE,1.00E+01,1.00E+00,1.54E+02,1.63E-10,1.16E-05,6.50E+00,1.22E-01,1.16E-02,6.01E+00,1.44E-01,5.43E+00
oxygenated,9049,FALSE,FALSE,6.00E+00,1.00E+00,1.09E+02,8.18E-11,8.72E-08,7.60E+00,1.06E-04,2.45E-01,2.79E+00,1.50E-01,-
oxygenated,3135,FALSE,FALSE,9.00E+00,3.00E+00,2.21E+02,6.14E-12,2.80E-06,7.72E+00,6.69E-03,3.38E-02,4.90E+00,1.44E-01,-
oxygenated,9050,FALSE,TRUE,1.00E+01,5.00E+00,3.71E+02,1.55E-12,3.29E+01,4.97E+00,2.00E-01,4.58E-08,6.60E+00,1.44E-01,-6.95E-02
oxygenated,3056,FALSE,FALSE,5.00E+00,2.00E+00,1.04E+02,2.47E-11,7.50E-07,4.26E+00,3.65E+00,4.83E+00,7.31E+00,0.00E+00,3.87E+00
oxygenated,9051,FALSE,FALSE,5.00E+00,2.00E+00,1.04E+02,2.23E-11,9.03E-08,7.09E+00,3.01E-02,7.69E+00,5.23E+00,1.50E-01,-
oxygenated,234,FALSE,FALSE,6.00E+00,2.00E+00,1.18E+02,2.86E-11,8.41E-07,4.66E+00,2.99E+00,1.42E+00,7.28E+00,0.00E+00,2.88E+00
b-alkane,243,FALSE,FALSE,1.10E+01,0.00E+00,1.56E+02,1.64E-11,1.47E-01,4.84E+00,1.58E+00,4.49E-07,7.12E+00,4.00E-02,0.645064103
b-alkane,244,FALSE,FALSE,8.00E+00,0.00E+00,1.14E+02,8.90E-12,3.70E-01,3.98E+00,2.18E+01,7.84E-06,8.13E+00,3.00E-03,1.24E+00
b-alkane,248,FALSE,FALSE,6.00E+00,0.00E+00,8.62E+01,5.47E-12,5.01E-01,2.80E+00,1.34E+02,1.95E-04,8.79E+00,0.00E+00,1.80E+00
oxygenated,9052,FALSE,FALSE,1.30E+01,4.00E+00,2.36E+02,4.49E-11,3.90E-09,8.84E+00,5.73E-06,4.72E-02,1.86E+00,1.50E-01,-
oxygenated,3162,FALSE,FALSE,5.00E+00,1.00E+00,1.01E+02,2.13E-11,7.17E-07,4.28E+00,5.48E+00,6.47E+00,7.47E+00,0.00E+00,-
oxygenated,9053,FALSE,FALSE,9.00E+00,1.00E+00,1.42E+02,1.46E-11,1.89E-04,4.54E+00,1.65E+00,4.46E-03,7.10E+00,0.00E+00,-
oxygenated,9054,TRUE,FALSE,7.00E+00,1.00E+00,1.23E+02,7.56E-11,9.10E-08,7.86E+00,7.83E-04,1.35E-01,3.72E+00,1.50E-01,-
halocarbon,9005,FALSE,FALSE,9.00E+00,1.00E+00,1.57E+02,7.55E-11,1.27E-06,7.54E+00,1.40E-02,3.01E-03,5.07E+00,0.00E+00,-
oxygenated,9055,FALSE,FALSE,7.00E+00,1.00E+00,1.14E+02,9.88E-12,1.08E-04,4.05E+00,6.06E+00,3.77E-02,7.57E+00,0.00E+00,2.360487179
b-alkane,263,FALSE,FALSE,1.10E+01,0.00E+00,1.56E+02,1.64E-11,1.48E-01,4.84E+00,1.44E+00,4.27E-07,7.08E+00,4.00E-02,0.679371795
b-alkane,264,FALSE,FALSE,8.00E+00,0.00E+00,1.14E+02,8.90E-12,3.71E-01,3.98E+00,2.21E+01,7.86E-06,8.13E+00,3.00E-03,1.25E+00
b-alkane,266,FALSE,FALSE,1.00E+01,0.00E+00,1.42E+02,1.28E-11,1.56E-01,4.44E+00,4.20E+00,2.07E-06,7.51E+00,2.00E-02,8.57E-01
b-alkane,272,FALSE,FALSE,1.10E+01,0.00E+00,1.56E+02,1.64E-11,1.48E-01,4.84E+00,1.53E+00,4.21E-07,7.11E+00,4.00E-02,6.79E-01
oxygenated,9056,FALSE,FALSE,9.00E+00,1.00E+00,1.44E+02,2.81E-11,2.68E-05,6.27E+00,5.47E-02,1.25E-03,5.63E+00,1.50E-01,-
oxygenated,9057,FALSE,FALSE,1.80E+01,2.00E+00,2.82E+02,4.94E-11,6.05E-08,1.06E+01,1.39E-06,4.34E-08,1.32E+00,1.50E-01,-
oxygenated,279,TRUE,FALSE,2.00E+00,1.00E+00,4.41E+01,1.54E-11,4.35E-05,1.79E+00,7.35E+02,1.52E+01,9.24E+00,0.00E+00,6.54E+00
oxygenated,280,FALSE,FALSE,2.00E+00,2.00E+00,6.01E+01,7.86E-13,1.32E-07,3.73E+00,1.10E+01,1.48E+01,7.55E+00,0.00E+00,0.684871795
oxygenated,281,FALSE,TRUE,3.00E+00,1.00E+00,5.81E+01,3.23E-13,5.20E-05,2.42E+00,2.59E+02,8.43E+00,8.91E+00,0.00E+00,0.355910256
oxygenated,1903,TRUE,FALSE,3.00E+00,2.00E+00,7.21E+01,1.74E-11,1.99E-07,3.82E+00,3.93E+00,1.39E+01,7.18E+00,0.00E+00,1.14E+01
n-alkane,287,FALSE,FALSE,1.00E+01,0.00E+00,1.42E+02,1.11E-11,1.51E-01,4.33E+00,1.29E+00,4.58E-07,7.00E+00,6.96E-02,6.84E-01
n-alkane,601,TRUE,FALSE,6.00E+00,0.00E+00,8.62E+01,5.55E-12,4.87E-01,3.17E+00,1.34E+02,1.42E-04,8.79E+00,0.00E+00,1.24E+00
b-alkane,9058,FALSE,FALSE,1.10E+01,0.00E+00,1.56E+02,1.64E-11,1.49E-01,4.84E+00,6.04E-01,2.87E-07,6.71E+00,4.00E-02,7.25E-01
b-alkane,9059,FALSE,FALSE,1.20E+01,0.00E+00,1.70E+02,1.92E-11,1.46E-01,5.26E+00,4.40E-01,7.56E-08,6.61E+00,6.90E-02,6.33E-01
b-alkane,9060,FALSE,FALSE,1.20E+01,0.00E+00,1.70E+02,1.92E-11,1.46E-01,5.26E+00,4.40E-01,7.56E-08,6.61E+00,6.90E-02,6.33E-01
b-alkane,9061,FALSE,FALSE,1.20E+01,0.00E+00,1.70E+02,1.92E-11,1.46E-01,5.26E+00,4.40E-01,7.56E-08,6.61E+00,6.90E-02,6.33E-01
n-alkane,9062,FALSE,FALSE,1.50E+01,0.00E+00,2.12E+02,2.22E-11,3.09E-03,7.26E+00,3.43E-03,3.62E-10,4.59E+00,3.21E-01,4.95E-01
b-alkane,9063,FALSE,FALSE,8.00E+00,0.00E+00,1.14E+02,8.88E-12,3.70E-01,3.98E+00,2.05E+01,3.18E-05,8.10E+00,3.00E-03,1.07E+00
b-alkane,3129,FALSE,FALSE,1.70E+01,0.00E+00,2.40E+02,1.97E-11,5.97E-05,7.38E+00,6.55E-04,5.55E-09,3.93E+00,4.10E-01,1.58E+00
aromatic,9064,FALSE,FALSE,9.00E+00,0.00E+00,1.18E+02,5.20E-11,4.01E-03,4.49E+00,1.90E+00,9.78E-04,7.08E+00,0.00E+00,1.53E+00
oxygenated,3128,FALSE,FALSE,4.00E+00,1.00E+00,8.91E+01,2.80E-11,5.93E-08,6.86E+00,9.91E-01,1.12E+01,6.68E+00,0.00E+00,2.53E-01
oxygenated,3127,FALSE,FALSE,3.00E+00,9.00E+00,2.99E+02,1.18E-11,5.77E-12,9.52E+00,7.99E-12,3.04E+00,-3.89E+00,0.00E+00,-
oxygenated,295,FALSE,FALSE,7.00E+00,2.00E+00,1.30E+02,6.69E-12,3.92E-04,3.96E+00,3.12E+00,1.43E-02,7.34E+00,1.40E-02,8.39E-01
oxygenated,301,FALSE,FALSE,7.00E+00,1.00E+00,1.06E+02,1.42E-11,2.94E-05,3.89E+00,9.68E-01,4.67E-02,6.74E+00,0.00E+00,-6.67E-01
aromatic,302,TRUE,FALSE,6.00E+00,0.00E+00,7.81E+01,1.44E-12,4.36E-03,3.09E+00,8.92E+01,1.34E-02,8.57E+00,2.81E-01,7.21E-01
aromatic,302,TRUE,FALSE,6.00E+00,0.00E+00,7.81E+01,1.44E-12,4.36E-03,3.09E+00,8.92E+01,1.34E-02,8.57E+00,2.81E-01,7.21E-01
aromatic,303,TRUE,FALSE,6.00E+00,0.00E+00,7.81E+01,1.23E-12,5.52E-03,2.83E+00,9.47E+01,2.26E-02,8.60E+00,2.81E-01,7.21E-01
oxygenated,937,FALSE,FALSE,7.00E+00,2.00E+00,1.22E+02,2.29E-12,2.62E-07,5.91E+00,1.24E-03,2.14E-01,3.91E+00,1.44E-01,-
oxygenated,1908,FALSE,FALSE,9.00E+00,2.00E+00,1.50E+02,1.14E-11,3.97E-07,4.83E+00,1.74E-01,2.05E-02,6.15E+00,1.50E-01,-
oxygenated,306,FALSE,FALSE,7.00E+00,1.00E+00,1.08E+02,2.11E-11,6.21E-07,4.97E+00,1.41E-01,2.75E-01,5.92E+00,6.09E-01,5.11E+00
oxygenated,1912,FALSE,FALSE,1.20E+01,1.00E+00,1.70E+02,8.42E-11,9.58E-08,9.20E+00,9.57E-04,2.91E-03,3.94E+00,1.44E-01,-
b-alkane,3125,FALSE,FALSE,6.00E+00,0.00E+00,1.01E+02,1.85E-11,1.99E-05,4.24E+00,7.92E+01,1.09E+00,8.63E+00,0.00E+00,-
oxygenated,9065,FALSE,FALSE,6.00E+00,6.00E+00,2.45E+02,2.09E-11,5.96E-08,6.72E+00,4.04E-01,1.64E+01,6.73E+00,0.00E+00,-
b-alkane,3196,FALSE,FALSE,1.00E+01,0.00E+00,1.42E+02,1.28E-11,1.55E-01,4.44E+00,2.03E+00,2.48E-06,7.19E+00,2.00E-02,7.26E-01
b-alkane,3197,FALSE,FALSE,1.10E+01,0.00E+00,1.56E+02,1.64E-11,1.47E-01,4.84E+00,7.48E-01,5.29E-07,6.80E+00,4.00E-02,7.25E-01
b-alkane,3198,FALSE,FALSE,1.20E+01,0.00E+00,1.70E+02,1.92E-11,1.45E-01,5.27E+00,4.39E-01,1.08E-07,6.60E+00,6.90E-02,0.632615385
b-alkane,3199,FALSE,FALSE,1.70E+01,0.00E+00,2.40E+02,1.97E-11,5.97E-05,7.38E+00,6.55E-04,5.55E-09,3.93E+00,4.10E-01,4.44E-01
b-alkane,3201,FALSE,FALSE,6.00E+00,0.00E+00,8.62E+01,5.50E-12,5.02E-01,2.80E+00,1.39E+02,1.93E-04,8.81E+00,0.00E+00,1.50E+00
b-alkane,3202,FALSE,FALSE,7.00E+00,0.00E+00,1.00E+02,6.43E-12,4.02E-01,3.33E+00,5.97E+01,4.14E-05,8.51E+00,0.00E+00,1.19E+00
b-alkane,3203,FALSE,FALSE,8.00E+00,0.00E+00,1.14E+02,8.88E-12,3.69E-01,3.98E+00,1.57E+01,8.29E-06,7.99E+00,3.00E-03,1.07E+00
b-alkane,3204,FALSE,FALSE,9.00E+00,0.00E+00,1.28E+02,9.37E-12,2.48E-01,3.84E+00,5.35E+00,2.33E-06,7.57E+00,8.30E-03,8.28E-01
halocarbon,3155,FALSE,FALSE,3.00E+00,0.00E+00,1.23E+02,1.18E-12,2.31E-03,2.80E+00,1.11E+02,1.90E-02,8.87E+00,0.00E+00,4.24E-01
oxygenated,9066,FALSE,FALSE,4.60E+01,1.20E+01,8.87E+02,8.40E-11,6.00E-10,1.17E+01,2.45E-09,8.12E-03,-9.32E-01,1.50E-01,-
oxygenated,594,FALSE,FALSE,7,2,128.171,2.45E-11,0.000383101,3.48966,4.41912,0.0130178,7.483755914,0,5.024487179
oxygenated,9067,FALSE,FALSE,8.00E+00,2.00E+00,1.42E+02,3.31E-11,1.92E-04,4.13E+00,2.12E+00,5.68E-03,7.21E+00,0.00E+00,8.70E+00
c-alkane,312,FALSE,FALSE,1.00E+01,0.00E+00,1.40E+02,1.05E-11,6.64E-02,4.58E+00,1.67E+00,1.59E-06,7.10E+00,2.00E-01,9.86E-01
oxygenated,1921,FALSE,FALSE,1.60E+01,4.00E+00,2.78E+02,1.44E-11,5.46E-07,8.22E+00,3.03E-05,2.75E-05,2.66E+00,6.10E-01,-
c-alkane,3226,FALSE,FALSE,1.00E+01,0.00E+00,1.40E+02,1.05E-11,6.67E-02,4.58E+00,8.07E-01,1.67E-06,6.78E+00,2.00E-01,1.07E+00
aromatic,9006,FALSE,FALSE,1.00E+01,0.00E+00,1.34E+02,1.08E-11,8.05E-03,4.59E+00,1.08E+00,2.43E-04,6.89E+00,1.00E-01,7.10E+00
aromatic,9006,FALSE,FALSE,1.00E+01,0.00E+00,1.34E+02,1.08E-11,8.05E-03,4.59E+00,1.08E+00,2.43E-04,6.89E+00,1.00E-01,7.097948718
aromatic,3205,FALSE,FALSE,1.00E+01,0.00E+00,1.34E+02,1.11E-11,8.07E-03,4.31E+00,1.28E+00,1.73E-04,6.96E+00,1.00E-01,2.36E+00
alkene,1925,FALSE,FALSE,1.00E+01,0.00E+00,1.40E+02,3.88E-11,6.85E-02,4.31E+00,1.40E+00,2.28E-06,7.02E+00,1.30E-01,2.17E+00
aromatic,3206,FALSE,FALSE,1.00E+01,0.00E+00,1.34E+02,1.05E-11,7.84E-03,4.57E+00,9.68E-01,4.24E-04,6.84E+00,1.00E-01,1.01E+01
b-alkane,3123,FALSE,FALSE,1.20E+01,0.00E+00,1.70E+02,1.92E-11,1.46E-01,5.26E+00,4.40E-01,7.56E-08,6.61E+00,6.90E-02,6.33E-01
c-alkane,3227,FALSE,FALSE,1.10E+01,0.00E+00,1.54E+02,9.57E-12,6.45E-02,5.08E+00,1.11E-01,5.81E-07,5.96E+00,2.57E-01,8.98E-01
aromatic,318,FALSE,FALSE,1.10E+01,0.00E+00,1.48E+02,1.63E-11,7.93E-03,5.08E+00,8.76E-01,2.25E-04,6.84E+00,1.50E-01,-
aromatic,318,FALSE,FALSE,1.10E+01,0.00E+00,1.48E+02,1.63E-11,7.93E-03,5.08E+00,8.76E-01,2.25E-04,6.84E+00,1.50E-01,-
aromatic,3207,FALSE,FALSE,1.10E+01,0.00E+00,1.48E+02,1.30E-11,1.20E-02,5.08E+00,5.01E-01,5.39E-05,6.60E+00,1.50E-01,2.12E+00
aromatic,3209,FALSE,FALSE,1.10E+01,0.00E+00,1.48E+02,1.30E-11,1.20E-02,5.08E+00,5.01E-01,5.39E-05,6.60E+00,2.80E-01,2.12E+00
aromatic,3208,FALSE,FALSE,1.10E+01,0.00E+00,1.48E+02,2.59E-11,7.77E-03,5.05E+00,1.14E-01,5.93E-05,5.96E+00,1.50E-01,8.13E+00
aromatic,9007,FALSE,FALSE,11,0,148.249,1.48E-11,0.00789777,5.07211,0.743291,2.40E-05,6.772780993,0.15,-
aromatic,9007,FALSE,FALSE,1.10E+01,0.00E+00,1.48E+02,1.48E-11,7.90E-03,5.07E+00,7.43E-01,2.40E-05,6.77E+00,1.50E-01,-
c-alkane,3228,FALSE,FALSE,1.20E+01,0.00E+00,1.68E+02,1.31E-11,6.41E-02,5.79E+00,2.87E-02,2.99E-07,5.41E+00,3.21E-01,0.796451282
aromatic,320,FALSE,FALSE,1.20E+01,0.00E+00,1.62E+02,1.63E-11,1.25E-02,5.81E+00,2.84E-01,4.38E-07,6.39E+00,2.30E-01,-
aromatic,320,FALSE,FALSE,1.20E+01,0.00E+00,1.62E+02,1.63E-11,1.25E-02,5.81E+00,2.84E-01,4.38E-07,6.39E+00,2.30E-01,-
aromatic,3210,FALSE,FALSE,1.20E+01,0.00E+00,1.62E+02,1.69E-11,4.03E-03,5.77E+00,9.23E-02,6.02E-06,5.91E+00,2.30E-01,1.90E+00
aromatic,3212,TRUE,FALSE,1.20E+01,0.00E+00,1.56E+02,3.89E-11,5.82E-04,5.99E+00,1.70E-02,6.31E-05,5.15E+00,3.60E-01,3.89E+00
aromatic,3211,FALSE,FALSE,1.20E+01,0.00E+00,1.64E+02,1.93E-10,3.79E-02,5.76E+00,4.04E-01,9.49E-06,6.55E+00,2.30E-01,7.30E+00
b-alkane,1934,FALSE,FALSE,1.30E+01,0.00E+00,1.84E+02,2.09E-11,1.44E-01,5.66E+00,1.45E-01,2.58E-08,6.16E+00,1.10E-01,5.98E-01
c-alkane,3229,FALSE,FALSE,1.20E+01,0.00E+00,1.68E+02,1.31E-11,6.41E-02,5.79E+00,2.87E-02,2.99E-07,5.41E+00,3.21E-01,6.97E-01
aromatic,3214,FALSE,FALSE,1.30E+01,0.00E+00,1.84E+02,2.09E-11,1.44E-01,5.66E+00,1.45E-01,2.58E-08,6.16E+00,3.40E-01,3.95E+00
aromatic,3213,FALSE,FALSE,1.30E+01,0.00E+00,1.84E+02,2.09E-11,1.44E-01,5.66E+00,1.45E-01,2.58E-08,6.16E+00,3.40E-01,1.74E+00
aromatic,3216,TRUE,FALSE,1.30E+01,0.00E+00,1.70E+02,2.22E-11,5.82E-04,6.74E+00,1.09E-02,1.18E-05,5.00E+00,4.30E-01,3.567205128
aromatic,3215,FALSE,FALSE,1.30E+01,0.00E+00,1.84E+02,2.09E-11,1.44E-01,5.66E+00,1.45E-01,2.58E-08,6.16E+00,3.40E-01,6.572076923
b-alkane,1936,FALSE,FALSE,1.40E+01,0.00E+00,1.98E+02,2.16E-11,3.46E-03,6.18E+00,4.00E-02,7.81E-09,5.63E+00,1.50E-01,5.50E-01
c-alkane,3230,FALSE,FALSE,1.30E+01,0.00E+00,1.82E+02,1.54E-11,1.42E-02,6.10E+00,7.96E-03,6.91E-08,4.89E+00,3.91E-01,0.649941026
aromatic,3218,FALSE,FALSE,1.40E+01,0.00E+00,1.90E+02,1.83E-11,5.30E-03,6.90E+00,2.30E-01,4.32E-07,6.37E+00,4.60E-01,3.56E+00
aromatic,3217,FALSE,FALSE,1.40E+01,0.00E+00,1.90E+02,1.81E-11,2.10E-03,6.90E+00,1.20E-02,3.72E-07,5.09E+00,4.60E-01,1.60E+00
aromatic,3220,TRUE,FALSE,1.40E+01,0.00E+00,1.90E+02,1.83E-11,5.30E-03,6.90E+00,2.30E-01,4.32E-07,6.37E+00,4.90E-01,3.30E+00
aromatic,3219,FALSE,FALSE,1.40E+01,0.00E+00,1.90E+02,1.83E-11,5.30E-03,6.90E+00,2.30E-01,4.32E-07,6.37E+00,4.60E-01,6.004358974
n-alkane,9068,FALSE,FALSE,1.40E+01,0.00E+00,1.98E+02,1.92E-11,1.85E-02,6.70E+00,1.16E-02,1.34E-08,5.09E+00,2.57E-01,5.13E-01
b-alkane,1938,FALSE,FALSE,1.50E+01,0.00E+00,2.12E+02,2.06E-11,8.52E-03,6.88E+00,5.25E-03,3.46E-09,4.78E+00,2.20E-01,5.02E-01
c-alkane,3231,FALSE,FALSE,1.50E+01,0.00E+00,2.10E+02,1.18E-11,1.10E-02,7.44E+00,2.94E-05,4.95E-09,2.52E+00,5.50E-01,0.613438462
aromatic,3222,FALSE,FALSE,1.50E+01,0.00E+00,2.04E+02,2.14E-11,5.30E-03,7.33E+00,5.75E-02,3.04E-07,5.80E+00,5.50E-01,3.25E+00
aromatic,3221,FALSE,FALSE,1.50E+01,0.00E+00,2.04E+02,2.14E-11,5.30E-03,7.33E+00,5.75E-02,3.04E-07,5.80E+00,5.50E-01,1.48E+00
aromatic,3224,TRUE,FALSE,1.50E+01,0.00E+00,2.04E+02,2.14E-11,5.30E-03,7.33E+00,5.75E-02,3.04E-07,5.80E+00,5.20E-01,3.06E+00
aromatic,3223,FALSE,FALSE,1.50E+01,0.00E+00,2.04E+02,2.14E-11,5.30E-03,7.33E+00,5.75E-02,3.04E-07,5.80E+00,5.50E-01,5.50E+00
b-alkane,1941,FALSE,FALSE,1.60E+01,0.00E+00,2.26E+02,2.00E-11,1.25E-03,7.44E+00,1.72E-03,4.24E-09,4.32E+00,3.00E-01,4.71E-01
c-alkane,3232,FALSE,FALSE,1.60E+01,0.00E+00,2.24E+02,1.38E-11,4.72E-03,7.55E+00,1.32E-05,3.74E-09,2.20E+00,6.40E-01,0.549628205
aromatic,3225,TRUE,FALSE,1.60E+01,0.00E+00,2.24E+02,1.38E-11,4.72E-03,7.55E+00,1.32E-05,3.74E-09,2.20E+00,5.50E-01,2.86E+00
c-alkane,3233,FALSE,FALSE,1.70E+01,0.00E+00,2.38E+02,1.59E-11,1.32E-03,8.21E+00,1.11E-05,4.94E-09,2.15E+00,7.37E-01,5.17E-01
n-alkane,9069,FALSE,FALSE,18,0,254.502,2.03E-11,0.000034001,7.92688,0.000336972,2.34E-08,3.663915361,0.5504,3.99E-01
b-alkane,3200,FALSE,FALSE,5.00E+00,0.00E+00,7.22E+01,4.47E-12,5.88E-01,2.26E+00,5.55E+02,6.87E-04,9.33E+00,0.00E+00,1.45E+00
oxygenated,1995,FALSE,FALSE,1.10E+01,1.00E+00,1.64E+02,2.95E-11,1.60E-06,8.37E+00,4.94E-03,1.88E-03,4.64E+00,1.44E-01,-
c-alkane,3234,FALSE,FALSE,6.00E+00,0.00E+00,8.42E+01,8.06E-12,2.03E-01,3.11E+00,8.89E+01,6.20E-04,8.60E+00,3.92E-02,2.19E+00
c-alkane,550,FALSE,FALSE,7.00E+00,0.00E+00,9.82E+01,8.35E-12,3.16E-01,3.59E+00,3.56E+01,1.75E-04,8.27E+00,6.96E-02,1.70E+00
c-alkane,9008,FALSE,FALSE,8.00E+00,0.00E+00,1.12E+02,9.54E-12,9.56E-02,3.88E+00,7.79E+00,4.09E-05,7.67E+00,1.07E-01,1.473912821
aromatic,30,FALSE,FALSE,9.00E+00,0.00E+00,1.20E+02,3.45E-11,7.06E-03,4.54E+00,1.88E+00,4.93E-04,7.08E+00,7.30E-02,8.87E+00
c-alkane,2170,FALSE,FALSE,9.00E+00,0.00E+00,1.26E+02,1.35E-11,7.38E-02,4.56E+00,1.84E+00,7.61E-06,7.10E+00,1.50E-01,1.36E+00
oxygenated,330,FALSE,FALSE,1.00E+01,1.00E+00,1.52E+02,1.79E-11,7.94E-05,4.85E+00,3.41E-01,4.90E-03,6.45E+00,1.44E-01,0.489869231
alkene,2025,FALSE,FALSE,1.50E+01,0.00E+00,2.04E+02,1.99E-10,1.40E-02,6.90E+00,4.75E-02,1.92E-06,5.72E+00,4.20E-01,-
-,9009,-,-,-,-,-,-,-,-,-,-,-,0.00E+00,-
halocarbon,2028,FALSE,FALSE,8.00E+00,0.00E+00,1.27E+02,3.88E-12,3.53E-03,4.14E+00,3.42E+00,9.36E-04,7.37E+00,0.00E+00,2.92E+00
c-alkane,352,FALSE,FALSE,8.00E+00,0.00E+00,1.12E+02,1.32E-11,1.39E-01,3.48E+00,1.74E+01,4.29E-05,8.02E+00,1.07E-01,1.52E+00
c-alkane,356,FALSE,FALSE,9.00E+00,0.00E+00,1.26E+02,9.01E-12,8.01E-02,3.87E+00,1.40E+01,8.84E-06,7.98E+00,1.50E-01,1.15E+00
oxygenated,9070,FALSE,FALSE,1.00E+01,1.00E+00,1.54E+02,1.15E-10,1.76E-04,4.86E+00,3.84E-01,1.51E-03,6.50E+00,0.00E+00,5.79E+00
oxygenated,3121,FALSE,FALSE,1.00E+01,1.00E+00,1.54E+02,1.15E-10,1.76E-04,4.86E+00,3.84E-01,1.44E-03,6.50E+00,0.00E+00,5.78874359
alkene,378,FALSE,FALSE,1.00E+01,0.00E+00,1.36E+02,1.72E-10,3.14E-02,4.31E+00,1.37E+00,5.57E-05,7.00E+00,1.30E-01,4.55E+00
n-alkane,9071,FALSE,FALSE,1.10E+01,0.00E+00,1.56E+02,1.31E-11,1.47E-01,5.01E+00,4.12E-01,2.78E-08,6.54E+00,1.07E-01,6.11E-01
aromatic,514,TRUE,FALSE,9.00E+00,0.00E+00,1.20E+02,8.28E-12,8.60E-03,3.97E+00,3.23E+00,5.18E-04,7.32E+00,7.30E-02,2.52E+00
aromatic,514,TRUE,FALSE,9.00E+00,0.00E+00,1.20E+02,6.54E-12,1.14E-02,3.99E+00,4.47E+00,5.22E-04,7.46E+00,0.00E+00,2.52E+00
oxygenated,383,FALSE,FALSE,9.00E+00,2.00E+00,1.52E+02,1.54E-12,1.76E-06,7.05E+00,4.60E-03,7.26E-02,4.58E+00,1.44E-01,-
c-alkane,385,FALSE,FALSE,6.00E+00,0.00E+00,8.42E+01,7.19E-12,1.83E-01,3.22E+00,9.19E+01,6.38E-04,8.62E+00,3.92E-02,1.25E+00
oxygenated,386,FALSE,FALSE,6.00E+00,1.00E+00,1.00E+02,1.24E-11,5.00E-06,4.81E+00,8.95E-01,2.34E-01,6.68E+00,2.20E-02,1.95E+00
oxygenated,387,FALSE,FALSE,6.00E+00,1.00E+00,9.81E+01,5.20E-12,1.28E-05,3.49E+00,4.95E+00,1.50E-01,7.42E+00,1.90E-03,1.35E+00
alkene,388,FALSE,FALSE,6.00E+00,0.00E+00,8.21E+01,6.52E-11,4.30E-02,3.23E+00,1.39E+02,2.18E-03,8.79E+00,3.00E-02,5.00E+00
oxygenated,9072,FALSE,FALSE,1.00E+01,2.00E+00,1.68E+02,3.33E-11,2.19E-04,5.06E+00,1.34E-01,1.98E-02,6.08E+00,1.50E-01,-
oxygenated,389,FALSE,FALSE,1.00E+01,5.00E+00,3.71E+02,1.55E-12,3.29E+01,4.97E+00,2.00E-01,4.58E-08,6.60E+00,0.00E+00,-6.95E-02
c-alkane,390,FALSE,FALSE,5.00E+00,0.00E+00,7.01E+01,5.78E-12,1.76E-01,2.78E+00,2.63E+02,2.60E-03,9.00E+00,1.54E-02,2.392307692
c-alkane,390,FALSE,FALSE,5.00E+00,0.00E+00,7.01E+01,5.78E-12,1.76E-01,2.78E+00,2.63E+02,2.60E-03,9.00E+00,1.54E-02,2.39E+00
oxygenated,9073,FALSE,TRUE,8.00E+00,4.00E+00,2.97E+02,1.01E-12,1.20E+01,3.94E+00,1.05E+00,1.70E-08,7.22E+00,1.44E-01,-0.057738205
oxygenated,9010,FALSE,TRUE,1.00E+01,5.00E+00,3.71E+02,1.55E-12,3.29E+01,4.97E+00,2.00E-01,4.58E-08,6.60E+00,1.44E-01,-6.95E-02
oxygenated,9074,FALSE,TRUE,1.00E+01,3.00E+00,3.11E+02,2.06E-12,1.70E+01,4.54E+00,3.74E-01,2.17E-08,6.80E+00,1.44E-01,-6.95E-02
oxygenated,396,FALSE,FALSE,6.00E+00,2.00E+00,1.16E+02,5.63E-12,6.69E-07,4.76E+00,1.40E+00,5.10E+00,6.94E+00,0.00E+00,5.95E-01
oxygenated,396,FALSE,FALSE,6.00E+00,2.00E+00,1.16E+02,5.63E-12,6.69E-07,4.76E+00,1.40E+00,5.10E+00,6.94E+00,6.70E-02,5.95E-01
oxygenated,9075,FALSE,FALSE,7.00E+00,4.00E+00,1.60E+02,3.30E-12,1.14E-05,4.52E+00,1.79E-01,3.70E-01,6.19E+00,1.50E-01,4.19E-01
oxygenated,9076,FALSE,FALSE,1.40E+01,4.00E+00,2.58E+02,7.89E-12,1.01E-07,7.38E+00,1.06E-03,1.56E-03,4.17E+00,1.50E-01,-
oxygenated,398,TRUE,FALSE,1.60E+01,4.00E+00,2.78E+02,1.44E-11,1.20E-06,8.84E+00,2.43E-05,3.62E-05,2.56E+00,6.10E-01,1.25E+00
-,2136,FALSE,FALSE,-,-,-,-,-,-,-,-,-,0.00E+00,-
oxygenated,402,TRUE,FALSE,4.00E+00,2.00E+00,1.05E+02,2.89E-11,6.49E-10,6.77E+00,2.58E-04,9.41E+00,3.16E+00,0.00E+00,2.47E+00
oxygenated,403,FALSE,FALSE,6.00E+00,1.00E+00,1.17E+02,1.60E-11,8.00E-07,4.80E+00,1.16E+00,6.81E+00,6.86E+00,0.00E+00,-
oxygenated,9011,FALSE,FALSE,4.00E+00,1.00E+00,7.41E+01,1.06E-11,9.57E-04,2.19E+00,4.36E+02,5.30E-01,9.24E+00,0.00E+00,3.76E+00
oxygenated,9077,FALSE,FALSE,5.00E+00,1.00E+00,8.61E+01,2.00E-12,5.05E-05,3.20E+00,3.75E+01,5.46E-01,8.24E+00,0,1.2364
oxygenated,2355,FALSE,FALSE,1.20E+01,4.00E+00,2.22E+02,8.99E-12,2.38E-08,6.75E+00,2.03E-03,3.66E-03,4.39E+00,1.44E-01,1.62E+00
aromatic,9078,FALSE,FALSE,1.00E+01,0.00E+00,1.34E+02,1.07E-11,8.05E-03,4.59E+00,1.06E+00,1.89E-04,6.88E+00,0.00E+00,4.43E+00
oxygenated,406,FALSE,FALSE,4.00E+00,3.00E+00,1.06E+02,2.44E-11,2.96E-09,7.13E+00,5.74E-03,8.52E+00,4.52E+00,0.00E+00,3.354641026
oxygenated,3118,FALSE,FALSE,1.00E+01,3.00E+00,1.90E+02,3.70E-11,1.48E-09,8.38E+00,3.24E-03,1.36E-01,4.52E+00,1.00E-02,1.84E+00
oxygenated,407,TRUE,FALSE,1.00E+01,4.00E+00,2.04E+02,1.31E-11,4.28E-06,5.68E+00,4.57E-02,1.14E-01,5.70E+00,1.00E-02,1.38E+00
oxygenated,3120,FALSE,FALSE,8.00E+00,3.00E+00,1.62E+02,2.68E-11,2.65E-05,4.45E+00,5.21E-01,6.14E+00,6.66E+00,0.00E+00,-
oxygenated,9079,FALSE,FALSE,6.00E+00,3.00E+00,1.32E+02,1.30E-11,3.23E-06,3.48E+00,2.33E+00,1.84E+00,7.22E+00,0.00E+00,1.838005128
oxygenated,9012,FALSE,FALSE,8.00E+00,3.00E+00,1.62E+02,5.81E-11,6.42E-09,7.22E+00,3.16E-02,4.98E+00,5.44E+00,1.00E-02,2.39E+00
oxygenated,9013,FALSE,FALSE,6.00E+00,3.00E+00,1.34E+02,4.08E-11,3.44E-09,5.64E+00,1.40E-01,7.48E+00,6.01E+00,8.00E-03,3.260769231
oxygenated,9080,FALSE,FALSE,1.00E+01,3.00E+00,1.90E+02,3.70E-11,1.48E-09,8.38E+00,1.20E-03,8.99E-02,4.09E+00,1.50E-01,1.84E+00
oxygenated,9014,FALSE,FALSE,5.00E+00,3.00E+00,1.20E+02,2.37E-11,3.12E-09,4.80E+00,2.42E-01,8.57E+00,6.19E+00,8.00E-03,2.66E+00
oxygenated,3116,FALSE,FALSE,7.00E+00,3.00E+00,1.48E+02,3.34E-11,4.15E-09,6.11E+00,9.14E-02,6.72E+00,5.86E+00,9.00E-03,2.85E+00
oxygenated,3116,FALSE,FALSE,7.00E+00,3.00E+00,1.48E+02,3.34E-11,4.20E-09,6.11E+00,9.09E-02,6.73E+00,5.86E+00,1.50E-01,2.85E+00
n-alkane,3054,FALSE,FALSE,4.00E+00,0.00E+00,1.03E+02,1.24E-11,6.46E-10,6.77E+00,1.09E-01,8.32E+00,5.78E+00,0.00E+00,-
oxygenated,403,FALSE,FALSE,6.00E+00,1.00E+00,1.17E+02,1.60E-11,8.00E-07,4.80E+00,1.16E+00,6.81E+00,6.86E+00,0.00E+00,-
oxygenated,2050,FALSE,FALSE,3.00E+00,3.00E+00,9.01E+01,1.64E-12,9.01E-09,6.72E+00,6.16E-02,3.17E+00,5.48E+00,0.00E+00,3.99E+00
oxygenated,9015,FALSE,FALSE,1.40E+01,4.00E+00,2.58E+02,1.17E-11,9.67E-08,7.42E+00,1.46E-03,8.72E-04,4.31E+00,1.50E-01,-
oxygenated,411,FALSE,FALSE,9.00E+00,1.00E+00,1.42E+02,1.91E-11,1.91E-04,4.54E+00,1.59E+00,8.31E-03,7.08E+00,2.90E-02,2.68E+00
oxygenated,9081,FALSE,FALSE,1.60E+01,4.00E+00,2.78E+02,1.44E-11,3.14E-07,8.21E+00,3.72E-05,2.22E-05,2.75E+00,6.10E-01,-
oxygenated,9082,FALSE,FALSE,1.20E+01,4.00E+00,2.30E+02,7.37E-12,2.23E-07,6.30E+00,6.22E-03,2.13E-03,4.89E+00,1.50E-01,-
oxygenated,412,FALSE,FALSE,1.20E+01,4.00E+00,2.30E+02,7.34E-12,2.28E-07,6.15E+00,6.02E-03,1.91E-03,4.87E+00,1.44E-01,1.278274359
oxygenated,413,FALSE,FALSE,3,2,76.095,1.30E-11,6.02E-08,6.73785,0.0684926,11.6663,5.44763012,0,2.58E+00
oxygenated,9016,FALSE,TRUE,1.00E+01,3.00E+00,3.11E+02,2.06E-12,1.50E+01,4.54E+00,3.30E-01,2.63E-08,6.74E+00,1.44E-01,-
oxygenated,415,FALSE,FALSE,3.00E+00,2.00E+00,7.61E+01,4.92E-12,1.72E-04,2.26E+00,3.92E+02,3.04E+00,9.21E+00,0.00E+00,9.44E-01
oxygenated,3164,FALSE,FALSE,8.00E+00,4.00E+00,1.74E+02,7.39E-12,4.52E-06,4.74E+00,7.37E-02,1.17E-01,5.84E+00,1.10E-01,1.80E+00
oxygenated,9083,FALSE,TRUE,3.00E+00,3.00E+00,9.01E+01,3.12E-13,1.73E-04,2.13E+00,5.53E+01,1.34E+00,8.43E+00,0.00E+00,0.059050513
oxygenated,417,FALSE,FALSE,2.00E+00,1.00E+00,4.61E+01,3.52E-12,2.75E-04,1.57E+00,2.36E+03,7.70E+00,9.77E+00,0.00E+00,8.07E-01
oxygenated,9017,FALSE,FALSE,6.00E+00,4.00E+00,1.46E+02,2.70E-11,2.02E-07,7.60E+00,6.07E-06,5.29E+00,1.68E+00,1.44E-01,-
oxygenated,419,TRUE,FALSE,1.00E+01,4.00E+00,1.94E+02,6.00E-12,7.60E-08,5.72E+00,3.08E-03,2.06E-02,4.51E+00,1.50E-01,-
oxygenated,420,FALSE,FALSE,6.00E+00,4.00E+00,1.46E+02,1.69E-12,1.17E-05,3.87E+00,4.04E-01,2.54E-01,6.50E+00,3.80E-02,2.25E-01
oxygenated,422,FALSE,FALSE,2.00E+00,1.00E+00,7.81E+01,2.92E-11,4.57E-09,4.02E+00,4.69E-01,1.05E+01,6.29E+00,0.00E+00,6.68E+00
halocarbon,2057,FALSE,FALSE,1.30E+01,3.00E+00,2.60E+02,1.39E-11,1.62E-09,8.67E+00,1.59E-06,1.84E-03,1.35E+00,0.00E+00,3.17E+00
oxygenated,2064,FALSE,FALSE,9.00E+00,1.00E+00,1.44E+02,2.81E-11,3.83E-05,6.05E+00,1.69E-01,6.58E-03,6.12E+00,1.44E-01,9.41E-01
oxygenated,2074,FALSE,FALSE,1.00E+01,1.00E+00,1.58E+02,3.01E-11,2.24E-05,6.86E+00,9.61E-02,5.82E-04,5.91E+00,1.44E-01,1.20E+00
oxygenated,9018,FALSE,TRUE,1.00E+01,3.00E+00,3.11E+02,2.06E-12,1.70E+01,4.54E+00,3.74E-01,2.17E-08,6.80E+00,1.44E-01,-6.95E-02
b-alkane,430,FALSE,FALSE,1.30E+01,0.00E+00,1.84E+02,2.12E-11,1.44E-01,5.81E+00,8.63E-01,2.66E-08,6.93E+00,1.10E-01,6.86E-01
oxygenated,432,FALSE,FALSE,6.00E+00,3.00E+00,1.34E+02,4.14E-11,2.98E-09,7.40E+00,2.53E-04,4.71E+00,3.26E+00,2.70E-01,2.31E+00
-,433,FALSE,FALSE,-,-,-,-,-,-,-,-,-,0.00E+00,2.02E+00
oxygenated,3165,FALSE,FALSE,6.00E+00,3.00E+00,1.32E+02,1.20E-11,1.82E-05,4.02E+00,3.87E+00,1.13E+00,7.44E+00,1.20E-01,1.70E+00
oxygenated,395,FALSE,FALSE,7.00E+00,3.00E+00,1.48E+02,4.71E-11,3.74E-09,5.69E+00,0.237076,3.38E+00,6.276372002,0.12,2.58E+00
oxygenated,3157,FALSE,FALSE,9.00E+00,3.00E+00,1.76E+02,3.73E-11,5.81E-09,7.39E+00,1.09E-01,7.60E-01,6.02E+00,2.10E-01,2.68425641
oxygenated,9019,FALSE,FALSE,1.00E+01,3.00E+00,1.90E+02,2.74E-11,5.38E-09,7.71E+00,7.96E-02,2.94E-01,5.91E+00,2.50E-01,1.828110256
oxygenated,9084,FALSE,TRUE,8.00E+00,4.00E+00,2.97E+02,1.01E-12,1.20E+01,3.94E+00,1.05E+00,1.70E-08,7.22E+00,1.44E-01,-5.77E-02
aromatic,2081,FALSE,FALSE,1.00E+01,0.00E+00,1.30E+02,5.85E-11,1.94E-03,4.31E+00,8.40E-01,3.88E-04,6.77E+00,1.00E-01,-
alkene,392,FALSE,FALSE,1.00E+01,0.00E+00,1.36E+02,1.72E-10,3.14E-02,4.31E+00,1.37E+00,5.57E-05,7.00E+00,1.30E-01,4.551717949
alkene,435,FALSE,FALSE,1.00E+01,0.00E+00,1.36E+02,1.72E-10,3.14E-02,4.31E+00,1.37E+00,5.57E-05,7.00E+00,1.30E-01,4.55E+00
oxygenated,9020,FALSE,TRUE,1.20E+01,6.00E+00,4.45E+02,2.73E-12,9.57E+00,5.75E+00,2.25E-02,1.15E-08,5.73E+00,1.44E-01,-6.95E-02
oxygenated,9085,FALSE,TRUE,1.20E+01,4.00E+00,3.85E+02,2.45E-12,9.29E+00,5.17E+00,1.02E-01,4.03E-08,6.33E+00,1.44E-01,-6.95E-02
alkene,1007,FALSE,FALSE,1.20E+01,0.00E+00,1.68E+02,5.80E-11,1.95E-02,5.51E+00,1.27E-01,2.55E-07,6.06E+00,3.20E-01,1.64E+00
n-alkane,1042,FALSE,FALSE,2.00E+01,0.00E+00,2.83E+02,1.96E-11,9.19E-06,8.82E+00,1.02E-05,7.23E-09,2.19E+00,7.37E-01,3.59E-01
n-alkane,438,FALSE,TRUE,2.00E+00,0.00E+00,3.01E+01,2.69E-13,3.57E-01,4.37E-01,3.10E+04,1.97E-03,1.07E+01,0.00E+00,2.81E-01
oxygenated,442,FALSE,FALSE,2.00E+00,1.00E+00,4.61E+01,3.86E-12,5.58E-06,3.09E+00,4.07E+01,1.80E+01,8.00E+00,0.00E+00,1.53E+00
oxygenated,439,FALSE,FALSE,2.00E+00,1.00E+00,6.11E+01,2.08E-11,5.90E-08,6.72E+00,4.41E-01,1.52E+01,6.16E+00,0.00E+00,6.81E+00
halocarbon,9086,FALSE,FALSE,2.00E+00,0.00E+00,1.00E+02,2.33E-12,1.76E-04,1.01E+00,2.43E+04,1.60E-03,1.11E+01,0.00E+00,-
oxygenated,440,FALSE,FALSE,4.00E+00,2.00E+00,8.81E+01,1.82E-12,1.59E-04,2.70E+00,9.05E+01,6.00E-01,8.63E+00,0.00E+00,6.26E-01
aromatic,449,TRUE,FALSE,8.00E+00,0.00E+00,1.06E+02,1.05E-11,7.15E-03,3.87E+00,6.67E+00,1.63E-03,7.58E+00,4.90E-02,3.037769231
oxygenated,444,FALSE,FALSE,6.00E+00,2.00E+00,1.25E+02,3.00E-11,4.12E-07,3.73E+00,2.00E-01,1.12E+00,6.13E+00,1.44E-01,-
oxygenated,445,FALSE,FALSE,4.00E+00,1.00E+00,7.41E+01,1.31E-11,1.22E-03,2.24E+00,4.99E+02,8.04E-01,9.30E+00,0.00E+00,3.76E+00
oxygenated,3168,FALSE,FALSE,5.00E+00,3.00E+00,1.18E+02,4.46E-12,6.73E-07,4.20E+00,1.60E+00,6.39E+00,7.01E+00,0.00E+00,2.48E+00
oxygenated,3108,FALSE,FALSE,6.00E+00,2.00E+00,1.14E+02,3.38E-11,1.21E-04,3.70E+00,2.06E+01,4.81E-02,8.10E+00,0.00E+00,1.25E+01
oxygenated,448,FALSE,FALSE,7.00E+00,3.00E+00,1.46E+02,1.82E-11,2.50E-05,4.13E+00,1.00E+00,2.17E-01,6.90E+00,3.80E-02,3.58E+00
aromatic,449,TRUE,FALSE,8.00E+00,0.00E+00,1.06E+02,1.05E-11,7.15E-03,3.87E+00,6.67E+00,1.63E-03,7.58E+00,4.90E-02,3.04E+00
c-alkane,450,FALSE,FALSE,8.00E+00,0.00E+00,1.12E+02,9.53E-12,1.31E-01,3.88E+00,1.10E+01,3.88E-05,7.82E+00,1.07E-01,1.47E+00
oxygenated,455,TRUE,FALSE,2.00E+00,2.00E+00,6.21E+01,8.33E-12,5.95E-08,6.65E+00,6.11E-02,1.39E+01,5.31E+00,0.00E+00,3.13E+00
oxygenated,456,TRUE,FALSE,8.00E+00,3.00E+00,1.60E+02,1.24E-11,1.06E-05,4.32E+00,4.94E-01,5.97E-02,6.63E+00,4.20E-02,1.62E+00
oxygenated,9087,FALSE,FALSE,1.00E+01,4.00E+00,1.98E+02,3.54E-11,8.00E-05,5.71E+00,4.38E-02,1.39E-01,5.67E+00,1.50E-01,-
oxygenated,310,FALSE,FALSE,6.00E+00,2.00E+00,1.18E+02,2.03E-11,1.23E-06,4.90E+00,1.04E+00,5.52E+00,6.82E+00,4.20E-02,2.90E+00
oxygenated,3098,TRUE,FALSE,8.00E+00,2.00E+00,1.46E+02,4.06E-11,1.22E-05,6.30E+00,2.51E-01,1.00E-01,6.30E+00,4.50E-02,2.09E+00
oxygenated,9021,FALSE,FALSE,5.00E+00,2.00E+00,1.04E+02,2.14E-11,7.93E-07,4.40E+00,3.21E+00,9.85E+00,7.26E+00,3.90E-02,3.30E+00
oxygenated,664,TRUE,FALSE,8.00E+00,2.00E+00,1.38E+02,2.94E-11,2.85E-07,6.60E+00,8.76E-03,1.62E-01,4.81E+00,2.30E-02,4.49E+00
oxygenated,459,TRUE,FALSE,2.00E+00,1.00E+00,4.41E+01,7.67E-14,1.48E-04,2.08E+00,1.31E+03,2.26E+01,9.49E+00,0.00E+00,3.92E-02
n-alkane,463,FALSE,FALSE,1.00E+01,0.00E+00,1.42E+02,1.28E-11,1.56E-01,4.44E+00,4.14E+00,1.87E-06,7.50E+00,6.96E-02,7.91E-01
oxygenated,3104,FALSE,FALSE,8.00E+00,6.00E+00,2.34E+02,8.26E-12,4.31E-09,4.99E+00,1.07E-01,3.97E-01,6.13E+00,1.44E-01,-
oxygenated,9088,FALSE,FALSE,1.80E+01,2.00E+00,2.82E+02,4.94E-11,6.05E-08,1.06E+01,1.39E-06,4.34E-08,1.32E+00,1.50E-01,-
oxygenated,465,TRUE,FALSE,1.00E+00,1.00E+00,3.00E+01,7.17E-12,2.58E-06,1.21E+00,8.26E+02,1.23E+01,9.12E+00,0.00E+00,9.46E+00
oxygenated,9089,TRUE,FALSE,1.00E+00,1.00E+00,3.00E+01,9.34E-12,3.49E-07,1.21E+00,8.25E+02,1.47E+01,9.12E+00,0.00E+00,9.46E+00
oxygenated,9090,FALSE,FALSE,1.50E+01,2.00E+00,2.28E+02,1.64E-11,1.25E-07,8.38E+00,6.78E-08,7.45E-04,-7.97E-02,1.50E-01,-
oxygenated,3073,FALSE,FALSE,1.00E+00,1.00E+00,4.50E+01,8.98E-13,9.75E-08,4.08E+00,4.02E-02,1.85E+01,4.99E+00,0.00E+00,-
oxygenated,466,FALSE,FALSE,1.00E+00,2.00E+00,4.60E+01,4.82E-13,2.51E-07,2.62E+00,4.78E+01,1.08E+01,8.07E+00,0.00E+00,6.60E-02
alkene,9091,FALSE,FALSE,1.00E+01,0.00E+00,1.36E+02,1.71E-10,2.25E-02,4.31E+00,1.54E+00,9.09E-05,7.05E+00,1.30E-01,4.551717949
alkene,9092,FALSE,FALSE,1.00E+01,0.00E+00,1.36E+02,1.71E-10,2.25E-02,4.31E+00,1.54E+00,9.09E-05,7.05E+00,1.30E-01,4.55E+00
oxygenated,9093,FALSE,FALSE,1.00E+01,1.00E+00,1.54E+02,1.60E-10,2.13E-05,6.50E+00,1.59E-01,1.02E-02,6.12E+00,1.44E-01,5.43E+00
oxygenated,9022,FALSE,FALSE,1.00E+01,1.00E+00,1.54E+02,1.63E-10,1.16E-05,6.50E+00,1.22E-01,1.16E-02,6.01E+00,1.44E-01,5.43E+00
alkene,9023,FALSE,FALSE,1.00E+01,0.00E+00,1.36E+02,1.72E-10,3.14E-02,4.31E+00,1.37E+00,5.57E-05,7.00E+00,1.30E-01,4.55E+00
alkene,467,FALSE,FALSE,1.00E+01,0.00E+00,1.36E+02,1.72E-10,3.14E-02,4.31E+00,1.37E+00,5.57E-05,7.00E+00,1.30E-01,4.55E+00
oxygenated,2105,FALSE,FALSE,5.00E+00,2.00E+00,9.81E+01,5.61E-11,1.77E-07,4.27E+00,4.66E-01,1.03E+01,6.39E+00,1.44E-01,3.31E+00
oxygenated,469,FALSE,FALSE,4.00E+00,2.00E+00,8.61E+01,2.68E-12,3.01E-08,4.01E+00,8.30E-01,7.36E+00,6.58E+00,0.00E+00,9.56E-01
oxygenated,470,FALSE,FALSE,5.00E+00,2.00E+00,1.00E+02,2.45E-11,1.70E-07,3.97E+00,1.34E+00,9.49E-01,6.86E+00,0.00E+00,4.31E+00
oxygenated,471,FALSE,FALSE,3.00E+00,3.00E+00,9.21E+01,1.28E-11,1.64E-08,6.41E+00,1.46E-04,8.28E+00,2.86E+00,0.00E+00,3.154051282
oxygenated,473,FALSE,FALSE,1.00E+01,3.00E+00,1.90E+02,2.74E-11,5.38E-09,7.71E+00,7.96E-02,2.94E-01,5.91E+00,2.70E-01,1.83E+00
oxygenated,839,FALSE,FALSE,2.00E+00,2.00E+00,5.80E+01,1.14E-11,3.39E-09,2.26E+00,2.53E+02,1.72E+01,8.90E+00,0.00E+00,1.25E+01
n-alkane,1045,FALSE,FALSE,1.60E+01,0.00E+00,2.26E+02,2.29E-11,1.23E-03,7.51E+00,1.26E-03,4.01E-09,4.19E+00,3.91E-01,0.447986154
n-alkane,1045,FALSE,FALSE,1.60E+01,0.00E+00,2.26E+02,2.29E-11,1.23E-03,7.51E+00,1.26E-03,4.01E-09,4.19E+00,3.91E-01,4.48E-01
oxygenated,3171,FALSE,FALSE,9.00E+00,3.00E+00,2.19E+02,2.33E-11,9.59E-09,8.32E+00,7.88E-09,1.87E+00,-1.03E+00,1.44E-01,-
b-alkane,9094,FALSE,TRUE,6.00E+00,0.00E+00,1.61E+02,1.16E-12,1.58E-01,3.75E+00,1.38E+01,1.78E-04,8.08E+00,1.44E-01,-6.95E-02
oxygenated,9095,FALSE,TRUE,6.00E+00,1.00E+00,1.62E+02,1.38E-12,1.61E+00,2.82E+00,4.21E+01,5.78E-06,8.57E+00,1.44E-01,-2.52E-02
n-alkane,601,TRUE,FALSE,6,0,86.178,5.55E-12,0.486929,3.17307,133.638,0.000141788,8.791956725,0,1.24E+00
oxygenated,1020,FALSE,FALSE,8.00E+00,2.00E+00,1.44E+02,1.04E-11,5.30E-04,4.58E+00,1.33E+00,3.57E-03,7.01E+00,0.00E+00,6.92E-01
oxygenated,482,FALSE,FALSE,6.00E+00,2.00E+00,1.18E+02,2.57E-11,1.05E-07,7.17E+00,1.33E-02,4.83E+00,4.93E+00,1.60E-01,1.45E+00
oxygenated,3101,FALSE,FALSE,1.60E+01,3.00E+00,2.62E+02,1.70E-11,1.58E-09,9.71E+00,2.26E-06,5.72E-04,1.50E+00,1.44E-01,-
n-alkane,484,FALSE,FALSE,3.00E+00,0.00E+00,4.41E+01,1.29E-12,3.88E-01,1.59E+00,4.07E+03,2.39E-03,9.98E+00,0.00E+00,4.89E-01
n-alkane,483,FALSE,FALSE,3.00E+00,0.00E+00,4.41E+01,1.29E-12,3.88E-01,1.59E+00,4.07E+03,2.39E-03,9.98E+00,0.00E+00,4.89E-01
b-alkane,9096,FALSE,FALSE,1.30E+01,0.00E+00,1.84E+02,2.09E-11,1.45E-01,5.72E+00,1.45E-01,1.32E-08,6.16E+00,1.10E-01,5.98E-01
b-alkane,9097,FALSE,FALSE,1.40E+01,0.00E+00,1.98E+02,2.16E-11,1.87E-02,6.33E+00,4.01E-02,6.92E-09,5.63E+00,1.50E-01,5.50E-01
b-alkane,9098,FALSE,FALSE,1.50E+01,0.00E+00,2.12E+02,2.06E-11,3.18E-03,6.88E+00,5.25E-03,3.24E-09,4.78E+00,2.20E-01,5.02E-01
n-alkane,9024,FALSE,FALSE,1.50E+01,0.00E+00,2.12E+02,2.11E-11,8.29E-03,7.26E+00,3.60E-03,9.59E-10,4.61E+00,3.21E-01,4.95E-01
oxygenated,3100,FALSE,FALSE,6.00E+00,3.00E+00,1.30E+02,3.38E-11,7.87E-08,4.92E+00,1.11E-01,1.54E+00,5.89E+00,1.44E-01,-
oxygenated,9099,FALSE,FALSE,7.00E+00,3.00E+00,1.44E+02,3.16E-11,3.83E-08,5.65E+00,1.16E-01,1.67E+00,5.96E+00,1.50E-01,-
aromatic,485,FALSE,FALSE,9.00E+00,0.00E+00,1.18E+02,1.28E-11,6.05E-04,4.32E+00,1.06E+00,8.59E-04,6.83E+00,1.60E-01,3.32E+00
oxygenated,490,FALSE,FALSE,1.20E+01,2.00E+00,1.96E+02,1.38E-11,5.15E-04,5.80E+00,1.37E-01,5.33E-04,6.16E+00,1.44E-01,-
b-alkane,491,FALSE,FALSE,4.00E+00,0.00E+00,5.81E+01,2.17E-12,4.44E-01,2.00E+00,2.15E+03,1.17E-03,9.83E+00,0.00E+00,1.23E+00
oxygenated,492,FALSE,FALSE,6.00E+00,2.00E+00,1.16E+02,5.17E-12,3.63E-04,3.22E+00,1.74E+01,5.12E-02,8.04E+00,1.40E-02,6.23E-01
oxygenated,493,FALSE,FALSE,4.00E+00,1.00E+00,7.41E+01,1.17E-11,1.01E-05,3.95E+00,1.05E+01,1.40E+00,7.62E+00,0.00E+00,2.51E+00
oxygenated,494,FALSE,FALSE,8.00E+00,2.00E+00,1.44E+02,1.04E-11,4.33E-04,3.87E+00,4.99E+00,6.23E-03,7.59E+00,2.90E-02,5.95E-01
b-alkane,200,FALSE,FALSE,1.20E+01,0.00E+00,1.70E+02,1.92E-11,1.45E-01,5.27E+00,4.39E-01,1.08E-07,6.60E+00,6.90E-02,5.87E-01
b-alkane,9100,FALSE,FALSE,1.70E+01,0.00E+00,2.40E+02,1.97E-11,2.64E-04,7.38E+00,6.55E-04,5.27E-09,3.93E+00,4.10E-01,4.44E-01
n-alkane,2125,FALSE,FALSE,1.70E+01,0.00E+00,2.40E+02,2.09E-11,5.87E-05,8.41E+00,2.82E-04,5.86E-09,3.56E+00,4.67E-01,4.22E-01
n-alkane,2126,FALSE,FALSE,7.00E+00,0.00E+00,1.00E+02,7.13E-12,3.95E-01,3.07E+00,4.59E+01,3.25E-05,8.39E+00,0.00E+00,1.07E+00
n-alkane,2129,FALSE,FALSE,1.80E+01,0.00E+00,2.55E+02,2.03E-11,5.60E-06,7.93E+00,1.84E-04,1.66E-08,3.40E+00,5.50E-01,3.99E-01
n-alkane,2131,FALSE,FALSE,1.50E+01,0.00E+00,2.12E+02,2.11E-11,8.29E-03,7.26E+00,3.60E-03,9.59E-10,4.61E+00,3.21E-01,4.95E-01
b-alkane,2334,FALSE,FALSE,8.00E+00,0.00E+00,1.14E+02,3.70E-12,3.80E-01,3.22E+00,4.81E+01,2.02E-05,8.47E+00,3.00E-03,1.26E+00
b-alkane,9101,FALSE,FALSE,8.00E+00,0.00E+00,1.14E+02,8.88E-12,3.70E-01,3.98E+00,2.05E+01,3.18E-05,8.10E+00,3.00E-03,1.07E+00
b-alkane,508,FALSE,FALSE,5.00E+00,0.00E+00,7.22E+01,4.47E-12,5.88E-01,2.26E+00,5.55E+02,6.87E-04,9.33E+00,0.00E+00,1.445748718
oxygenated,512,FALSE,FALSE,5.00E+00,2.00E+00,1.02E+02,2.74E-12,2.23E-04,2.76E+00,5.24E+01,2.12E-01,8.46E+00,8.50E-03,1.07E+00
oxygenated,513,FALSE,FALSE,3.00E+00,1.00E+00,6.01E+01,5.53E-12,7.73E-06,3.70E+00,2.75E+01,1.10E+01,7.95E+00,0.00E+00,6.14E-01
oxygenated,9025,FALSE,FALSE,1.90E+01,2.00E+00,2.99E+02,1.53E-11,2.50E-07,8.67E+00,3.10E-05,1.03E-05,2.70E+00,1.44E-01,-
-,518,-,-,-,-,-,-,-,-,-,-,-,0.00E+00,1.62E+00
oxygenated,2691,FALSE,FALSE,3.00E+00,3.00E+00,9.01E+01,1.64E-12,8.93E-09,6.72E+00,8.10E-02,3.22E+00,5.59E+00,0.00E+00,-
oxygenated,527,FALSE,FALSE,1.00E+01,1.00E+00,1.56E+02,2.47E-11,1.60E-05,6.60E+00,7.56E-02,2.79E-03,5.80E+00,1.44E-01,1.43E+00
oxygenated,531,TRUE,FALSE,1.00E+00,1.00E+00,3.20E+01,1.21E-12,5.05E-06,2.63E+00,8.93E+01,2.78E+01,8.19E+00,0.00E+00,6.72E-01
oxygenated,3195,FALSE,FALSE,1.00E+00,1.00E+00,6.21E+01,2.98E-14,5.61E-02,4.59E-01,5.12E+01,1.85E-03,8.23E+00,0.00E+00,-
oxygenated,2160,FALSE,TRUE,3.00E+00,2.00E+00,7.41E+01,4.90E-13,1.39E-04,2.40E+00,2.04E+02,1.68E+00,8.91E+00,0.00E+00,7.20E-02
oxygenated,532,FALSE,FALSE,7.00E+00,1.00E+00,1.14E+02,1.14E-11,1.27E-04,3.95E+00,5.00E+00,3.75E-02,7.49E+00,1.40E-02,2.36E+00
oxygenated,534,TRUE,FALSE,5.00E+00,3.00E+00,1.20E+02,2.37E-11,3.12E-09,4.80E+00,2.42E-01,8.57E+00,6.19E+00,6.60E-02,2.66E+00
halocarbon,4,TRUE,TRUE,5.00E+00,0.00E+00,1.33E+02,2.50E-14,8.19E-03,2.79E+00,8.29E+01,1.40E-02,8.77E+00,0.00E+00,4.88E-03
oxygenated,536,FALSE,FALSE,4.00E+00,1.00E+00,7.21E+01,1.39E-12,6.64E-05,2.80E+00,8.85E+01,2.52E+00,8.54E+00,0.00E+00,1.48E+00
oxygenated,537,FALSE,FALSE,4.00E+00,1.00E+00,8.71E+01,1.71E-12,3.79E-05,2.44E+00,3.53E+01,9.84E-01,8.22E+00,0.00E+00,-1.27E+00
oxygenated,2155,FALSE,FALSE,7.00E+00,1.00E+00,1.14E+02,1.14E-11,1.02E-04,3.48E+00,5.53E+00,4.29E-02,7.53E+00,1.40E-02,2.41E+00
oxygenated,539,TRUE,FALSE,6.00E+00,1.00E+00,1.00E+02,1.05E-11,5.65E-05,3.58E+00,1.61E+01,1.80E-01,7.94E+00,1.30E-02,3.88E+00
oxygenated,9102,FALSE,FALSE,4.00E+00,3.00E+00,1.04E+02,2.80E-12,8.93E-08,4.05E+00,4.74E-01,9.57E+00,6.42E+00,0.00E+00,2.67E+00
oxygenated,541,TRUE,FALSE,5.00E+00,2.00E+00,1.00E+02,2.74E-11,9.63E-05,3.14E+00,3.69E+01,2.03E-01,8.30E+00,0.00E+00,1.56E+01
oxygenated,544,FALSE,FALSE,5.00E+00,1.00E+00,8.61E+01,4.34E-12,7.24E-05,3.26E+00,2.99E+01,4.71E-01,8.14E+00,0.00E+00,2.81E+00
aromatic,9103,FALSE,FALSE,9.00E+00,0.00E+00,1.18E+02,5.20E-11,4.01E-03,4.49E+00,1.90E+00,9.78E-04,7.08E+00,0.00E+00,1.53E+00
oxygenated,9104,FALSE,FALSE,5.00E+00,2.00E+00,1.02E+02,2.12E-12,9.31E-07,4.19E+00,4.89E-01,4.39E-01,6.43E+00,1.50E-01,4.23E+00
c-alkane,550,FALSE,FALSE,7.00E+00,0.00E+00,9.82E+01,8.35E-12,3.16E-01,3.59E+00,3.56E+01,1.75E-04,8.27E+00,6.96E-02,1.70E+00
c-alkane,551,FALSE,FALSE,6.00E+00,0.00E+00,8.42E+01,8.06E-12,2.04E-01,3.11E+00,1.36E+02,5.04E-04,8.79E+00,3.92E-02,2.19E+00
halocarbon,401,TRUE,TRUE,3.00E+00,0.00E+00,8.49E+01,1.10E-13,4.16E-03,2.40E+00,3.64E+02,1.29E-01,9.22E+00,0.00E+00,4.14E-02
oxygenated,9105,FALSE,FALSE,1.00E+00,2.00E+00,4.80E+01,3.82E-12,3.67E-08,6.45E+00,1.08E-01,1.16E+01,5.45E+00,0.00E+00,-
oxygenated,2176,FALSE,FALSE,8.00E+00,2.00E+00,1.44E+02,1.06E-11,4.32E-04,3.94E+00,3.62E+00,7.34E-03,7.45E+00,0.00E+00,1.05E+00
oxygenated,2179,FALSE,FALSE,8.00E+00,1.00E+00,1.30E+02,1.84E-11,3.63E-05,5.77E+00,-,6.40E-03,,0.00E+00,1.79E+00
aromatic,2186,FALSE,FALSE,1.00E+01,0.00E+00,1.32E+02,1.98E-11,2.87E-03,4.84E+00,4.20E-01,6.15E-04,6.48E+00,2.10E-01,-
aromatic,2186,FALSE,FALSE,1.00E+01,0.00E+00,1.32E+02,1.98E-11,2.87E-03,4.84E+00,4.20E-01,6.15E-04,6.48E+00,2.10E-01,-
oxygenated,2189,FALSE,FALSE,5.00E+00,2.00E+00,1.00E+02,2.74E-11,9.63E-05,3.14E+00,3.69E+01,2.03E-01,8.30E+00,0.00E+00,1.56E+01
aromatic,89,FALSE,FALSE,9.00E+00,0.00E+00,1.20E+02,1.31E-11,8.26E-03,4.56E+00,2.23E+00,6.60E-04,7.16E+00,7.30E-02,7.39E+00
oxygenated,3191,FALSE,FALSE,7.00E+00,6.00E+00,2.20E+02,7.87E-12,4.18E-09,4.31E+00,1.12E-01,5.04E-01,6.12E+00,1.44E-01,-
oxygenated,558,FALSE,TRUE,4.00E+00,3.00E+00,1.36E+02,4.45E-12,1.50E-04,2.81E+00,1.75E+01,3.50E-01,8.11E+00,0.00E+00,-6.95E-02
b-alkane,2199,FALSE,FALSE,1.20E+01,0.00E+00,1.70E+02,1.92E-11,1.45E-01,5.27E+00,4.39E-01,1.08E-07,6.60E+00,6.90E-02,5.87E-01
b-alkane,3129,FALSE,FALSE,1.70E+01,0.00E+00,2.40E+02,1.97E-11,5.97E-05,7.38E+00,6.55E-04,5.55E-09,3.93E+00,4.10E-01,1.58E+00
oxygenated,570,FALSE,FALSE,3.00E+00,2.00E+00,7.61E+01,1.21E-11,4.06E-07,3.96E+00,7.97E+00,1.32E+01,7.51E+00,0.00E+00,2.93E+00
oxygenated,310,FALSE,FALSE,6.00E+00,2.00E+00,1.18E+02,2.03E-11,1.23E-06,4.90E+00,1.04E+00,5.52E+00,6.82E+00,8.00E-02,2.90E+00
n-alkane,572,FALSE,FALSE,3.00E+00,0.00E+00,4.41E+01,1.29E-12,3.88E-01,1.59E+00,4.07E+03,2.39E-03,9.98E+00,0.00E+00,4.89E-01
oxygenated,281,FALSE,TRUE,3.00E+00,1.00E+00,5.81E+01,3.23E-13,5.20E-05,2.42E+00,2.59E+02,8.43E+00,8.91E+00,0.00E+00,3.56E-01
aromatic,30,FALSE,FALSE,9.00E+00,0.00E+00,1.20E+02,3.45E-11,7.06E-03,4.54E+00,1.88E+00,4.93E-04,7.08E+00,7.30E-02,8.87E+00
n-alkane,583,FALSE,FALSE,1.00E+01,0.00E+00,1.42E+02,1.16E-11,1.54E-01,4.33E+00,1.43E+00,3.67E-07,7.04E+00,6.96E-02,6.84E-01
oxygenated,589,FALSE,FALSE,4.00E+00,1.00E+00,8.71E+01,2.29E-11,6.78E-07,4.31E+00,8.11E+00,1.12E+01,7.58E+00,0.00E+00,1.98E+00
aromatic,524,TRUE,FALSE,8.00E+00,0.00E+00,1.06E+02,1.73E-11,6.81E-03,3.87E+00,8.77E+00,1.45E-03,7.70E+00,6.35E-02,9.75E+00
aromatic,524,TRUE,FALSE,8.00E+00,0.00E+00,1.06E+02,1.73E-11,6.81E-03,3.87E+00,8.77E+00,1.45E-03,7.70E+00,6.35E-02,9.75E+00
oxygenated,9026,FALSE,FALSE,1.20E+01,1.00E+00,1.91E+02,1.69E-11,1.45E-07,7.25E+00,1.93E-03,2.01E-03,4.30E+00,1.44E-01,-
oxygenated,590,FALSE,FALSE,4.00E+00,1.00E+00,8.91E+01,5.52E-11,4.91E-07,4.08E+00,2.58E+00,1.10E+01,7.09E+00,0.00E+00,5.62E+00
aromatic,3094,FALSE,FALSE,9.00E+00,0.00E+00,1.35E+02,1.47E-11,1.11E-04,4.86E+00,8.56E-01,3.44E-02,6.79E+00,0.00E+00,-
aromatic,9106,FALSE,FALSE,9.00E+00,0.00E+00,1.35E+02,1.47E-11,2.21E-04,4.86E+00,1.79E-01,5.01E-03,6.11E+00,1.50E-01,-
aromatic,611,TRUE,FALSE,1.00E+01,0.00E+00,1.28E+02,1.42E-11,4.16E-04,5.07E+00,6.32E-02,1.66E-04,5.64E+00,2.10E-01,3.34E+00
aromatic,611,TRUE,FALSE,1.00E+01,0.00E+00,1.28E+02,1.42E-11,4.16E-04,5.07E+00,6.32E-02,1.66E-04,5.64E+00,2.10E-01,3.34E+00
n-alkane,592,FALSE,FALSE,4.00E+00,0.00E+00,5.81E+01,2.53E-12,4.63E-01,2.19E+00,1.40E+03,1.33E-03,9.64E+00,0.00E+00,1.15E+00
oxygenated,593,FALSE,FALSE,6.00E+00,2.00E+00,1.16E+02,4.91E-12,3.23E-04,3.65E+00,1.56E+01,6.00E-02,7.99E+00,1.40E-02,8.35E-01
oxygenated,595,FALSE,FALSE,4.00E+00,1.00E+00,7.41E+01,1.01E-11,9.78E-06,4.04E+00,7.56E+00,1.20E+00,7.48E+00,0.00E+00,2.88E+00
aromatic,596,FALSE,FALSE,1.00E+01,0.00E+00,1.34E+02,1.12E-11,8.06E-03,4.60E+00,1.26E+00,1.27E-04,6.96E+00,1.00E-01,2.36E+00
n-alkane,598,FALSE,FALSE,1.00E+01,0.00E+00,1.42E+02,1.11E-11,1.51E-01,4.33E+00,1.29E+00,4.58E-07,7.00E+00,6.96E-02,6.84E-01
n-alkane,599,FALSE,FALSE,1.20E+01,0.00E+00,1.70E+02,1.34E-11,1.44E-01,5.78E+00,1.53E-01,8.90E-08,6.15E+00,1.50E-01,5.55E-01
n-alkane,599,FALSE,FALSE,1.20E+01,0.00E+00,1.70E+02,1.42E-11,1.45E-01,5.86E+00,1.35E-01,2.17E-08,6.09E+00,1.50E-01,5.55E-01
n-alkane,1595,FALSE,FALSE,2.10E+01,0.00E+00,2.97E+02,1.26E-11,1.63E-06,9.38E+00,2.65E-05,1.12E-08,2.63E+00,8.40E-01,3.42E-01
n-alkane,1043,FALSE,FALSE,1.70E+01,0.00E+00,2.40E+02,2.09E-11,5.87E-05,8.41E+00,2.82E-04,5.86E-09,3.56E+00,4.67E-01,4.22E-01
n-alkane,600,FALSE,FALSE,7.00E+00,0.00E+00,1.00E+02,6.61E-12,3.92E-01,3.65E+00,4.25E+01,3.79E-05,8.36E+00,0.00E+00,1.07E+00
n-alkane,600,FALSE,FALSE,7.00E+00,0.00E+00,1.00E+02,6.61E-12,3.92E-01,3.65E+00,4.25E+01,3.79E-05,8.36E+00,0.00E+00,1.07E+00
n-alkane,601,TRUE,FALSE,6.00E+00,0.00E+00,8.62E+01,5.55E-12,4.87E-01,3.17E+00,1.34E+02,1.42E-04,8.79E+00,0.00E+00,1.24E+00
oxygenated,3175,FALSE,FALSE,2.00E+00,2.00E+00,7.51E+01,2.60E-13,4.27E-05,2.27E+00,1.61E+01,4.86E-01,7.81E+00,0.00E+00,6.33E-02
oxygenated,85,FALSE,FALSE,5.00E+00,1.00E+00,9.91E+01,8.64E-12,6.49E-09,3.84E+00,7.14E-01,9.99E+00,6.58E+00,1.90E-03,2.41E+00
n-alkane,603,FALSE,FALSE,9.00E+00,0.00E+00,1.28E+02,8.85E-12,1.65E-01,4.16E+00,4.65E+00,1.86E-06,7.51E+00,3.92E-02,7.81E-01
n-alkane,603,FALSE,FALSE,9.00E+00,0.00E+00,1.28E+02,1.02E-11,1.68E-01,4.16E+00,4.45E+00,1.55E-05,7.49E+00,3.92E-02,7.81E-01
n-alkane,604,FALSE,FALSE,8.00E+00,0.00E+00,1.14E+02,7.94E-12,3.64E-01,3.61E+00,1.20E+01,8.24E-06,7.87E+00,1.54E-02,8.99E-01
n-alkane,604,FALSE,FALSE,8.00E+00,0.00E+00,1.14E+02,8.66E-12,3.66E-01,3.39E+00,1.40E+01,5.81E-06,7.93E+00,1.54E-02,8.99E-01
n-alkane,1047,FALSE,FALSE,1.90E+01,0.00E+00,2.69E+02,1.99E-11,5.48E-06,8.95E+00,4.03E-05,9.36E-09,2.77E+00,6.40E-01,3.78E-01
alkene,9027,FALSE,FALSE,1.00E+01,0.00E+00,1.36E+02,6.10E-11,1.17E-01,4.44E+00,3.17E+00,3.02E-05,7.37E+00,1.30E-01,4.51E+00
n-alkane,1049,FALSE,FALSE,1.50E+01,0.00E+00,2.12E+02,2.11E-11,8.29E-03,7.26E+00,3.60E-03,9.59E-10,4.61E+00,3.21E-01,4.95E-01
n-alkane,605,FALSE,FALSE,5.00E+00,0.00E+00,7.22E+01,4.06E-12,8.42E-01,2.66E+00,3.30E+02,6.31E-04,9.11E+00,0.00E+00,1.31E+00
n-alkane,605,FALSE,FALSE,5.00E+00,0.00E+00,7.22E+01,4.06E-12,8.42E-01,2.66E+00,3.30E+02,6.31E-04,9.11E+00,0.00E+00,1.31E+00
aromatic,2210,FALSE,FALSE,1.20E+01,0.00E+00,1.69E+02,1.15E-10,7.37E-08,8.45E+00,4.79E-04,2.59E-04,3.64E+00,2.30E-01,-
oxygenated,607,FALSE,FALSE,3.00E+00,1.00E+00,6.01E+01,6.80E-12,7.03E-06,3.73E+00,2.13E+01,1.39E+01,7.84E+00,0.00E+00,2.50E+00
aromatic,608,FALSE,FALSE,9.00E+00,0.00E+00,1.20E+02,8.24E-12,8.98E-03,4.54E+00,2.29E+00,4.61E-04,7.17E+00,7.30E-02,2.03E+00
n-alkane,1051,FALSE,FALSE,1.40E+01,0.00E+00,1.98E+02,1.91E-11,3.34E-03,6.70E+00,1.15E-02,1.28E-08,5.09E+00,2.57E-01,5.13E-01
n-alkane,609,FALSE,FALSE,1.30E+01,0.00E+00,1.84E+02,1.63E-11,1.89E-02,5.83E+00,6.17E-02,1.85E-08,5.79E+00,2.00E-01,5.29E-01
n-alkane,610,FALSE,FALSE,1.10E+01,0.00E+00,1.56E+02,1.10E-11,1.46E-01,5.01E+00,4.04E-01,9.13E-08,6.53E+00,1.07E-01,6.11E-01
n-alkane,610,FALSE,FALSE,1.10E+01,0.00E+00,1.56E+02,1.10E-11,1.46E-01,5.01E+00,4.04E-01,9.13E-08,6.53E+00,1.07E-01,6.11E-01
oxygenated,618,TRUE,FALSE,7.00E+00,1.00E+00,1.08E+02,6.08E-11,8.54E-07,5.05E+00,3.65E-01,1.79E-01,6.33E+00,1.44E-01,2.40E+00
oxygenated,2211,FALSE,TRUE,8.00E+00,4.00E+00,2.97E+02,1.18E-12,1.14E+01,3.94E+00,8.22E-01,2.19E-08,7.12E+00,1.44E-01,-5.77E-02
oxygenated,9028,FALSE,TRUE,8.00E+00,2.00E+00,2.37E+02,1.35E-12,3.05E+01,3.85E+00,3.33E+00,1.44E-07,7.63E+00,1.44E-01,-6.95E-02
oxygenated,623,FALSE,FALSE,8.00E+00,1.00E+00,1.30E+02,1.44E-11,2.46E-05,6.03E+00,7.92E-02,4.13E-03,5.74E+00,1.50E-01,1.43E+00
aromatic,80,FALSE,FALSE,9.00E+00,0.00E+00,1.20E+02,1.16E-11,7.86E-03,4.56E+00,2.94E+00,6.55E-04,7.28E+00,7.30E-02,5.59E+00
alkene,3088,FALSE,FALSE,1.00E+01,0.00E+00,1.36E+02,1.72E-10,3.14E-02,4.31E+00,1.37E+00,5.57E-05,7.00E+00,1.30E-01,4.55E+00
oxygenated,3176,FALSE,FALSE,1.80E+01,1.00E+00,2.68E+02,8.04E-11,5.89E-06,1.06E+01,1.95E-06,3.98E-08,1.45E+00,1.44E-01,-
n-alkane,639,FALSE,FALSE,1.00E+01,0.00E+00,1.42E+02,1.11E-11,1.51E-01,4.33E+00,1.29E+00,4.58E-07,7.00E+00,6.96E-02,6.84E-01
n-alkane,638,FALSE,FALSE,1.00E+01,0.00E+00,1.42E+02,1.11E-11,1.51E-01,4.33E+00,1.29E+00,4.58E-07,7.00E+00,6.96E-02,6.84E-01
oxygenated,642,FALSE,FALSE,3.00E+00,1.00E+00,5.81E+01,3.23E-13,5.20E-05,2.42E+00,2.59E+02,8.43E+00,8.91E+00,0.00E+00,3.56E-01
n-alkane,641,FALSE,FALSE,1.00E+01,0.00E+00,1.42E+02,1.11E-11,1.51E-01,4.33E+00,1.29E+00,4.58E-07,7.00E+00,6.96E-02,6.84E-01
oxygenated,643,FALSE,FALSE,8.00E+00,3.00E+00,1.58E+02,1.08E-11,1.32E-05,4.82E+00,2.57E-01,2.36E-02,6.34E+00,1.50E-01,8.59E-01
-,3163,-,-,-,-,-,-,-,-,-,-,-,0.00E+00,5.45E-01
aromatic,620,TRUE,FALSE,8.00E+00,0.00E+00,1.06E+02,1.53E-11,6.50E-03,3.87E+00,5.93E+00,1.47E-03,7.53E+00,6.35E-02,7.64E+00
halocarbon,652,FALSE,TRUE,8.00E+00,0.00E+00,1.81E+02,2.67E-13,2.11E-02,3.89E+00,6.51E+00,1.25E-03,7.80E+00,0.00E+00,1.26E-01
n-alkane,2217,FALSE,FALSE,1.40E+01,0.00E+00,1.98E+02,1.91E-11,3.34E-03,6.70E+00,1.15E-02,1.28E-08,5.09E+00,2.57E-01,5.13E-01
halocarbon,9107,FALSE,FALSE,7.00E+00,0.00E+00,1.93E+02,6.92E-14,6.40E-02,3.63E+00,2.86E+01,9.44E-03,8.47E+00,0.00E+00,-
aromatic,655,FALSE,FALSE,1.10E+01,0.00E+00,1.48E+02,2.59E-11,7.77E-03,5.05E+00,1.14E-01,5.93E-05,5.96E+00,1.50E-01,8.13E+00
oxygenated,656,FALSE,FALSE,7.00E+00,4.00E+00,1.60E+02,3.58E-12,1.14E-05,4.52E+00,1.33E-01,4.29E-01,6.06E+00,2.90E-02,4.19E-01
oxygenated,9108,FALSE,FALSE,5.00E+00,1.00E+00,8.82E+01,1.11E-11,1.30E-05,4.66E+00,2.21E+00,2.50E-01,7.02E+00,0.00E+00,2.83E+00
oxygenated,3086,FALSE,FALSE,8.00E+00,2.00E+00,1.44E+02,1.06E-11,4.78E-04,4.58E+00,3.55E+00,5.65E-03,7.44E+00,0.00E+00,7.13E-01
halocarbon,661,TRUE,TRUE,6.00E+00,0.00E+00,1.66E+02,1.98E-13,1.73E-02,3.84E+00,8.00E+00,1.96E-03,7.85E+00,0.00E+00,3.08E-02
halocarbon,9109,FALSE,FALSE,1.00E+01,0.00E+00,4.62E+02,1.11E-14,1.54E-02,3.26E+00,9.24E+01,1.07E-05,9.36E+00,0.00E+00,-
oxygenated,660,FALSE,FALSE,2.00E+00,3.00E+00,7.61E+01,4.24E-13,1.73E-06,3.78E+00,8.18E+00,1.23E+01,7.52E+00,0.00E+00,5.41E-01
aromatic,94,FALSE,FALSE,9.00E+00,0.00E+00,1.20E+02,1.21E-11,8.38E-03,4.56E+00,2.25E+00,6.61E-04,7.16E+00,7.30E-02,4.44E+00
oxygenated,9110,TRUE,FALSE,6.00E+00,1.00E+00,9.41E+01,2.64E-11,3.36E-07,4.80E+00,3.48E-01,9.14E-01,6.25E+00,1.50E-01,2.76E+00
oxygenated,664,TRUE,FALSE,8.00E+00,2.00E+00,1.38E+02,2.94E-11,2.85E-07,6.60E+00,8.76E-03,1.62E-01,4.81E+00,2.30E-02,4.49E+00
oxygenated,2228,TRUE,FALSE,8.00E+00,3.00E+00,1.48E+02,3.89E-12,1.53E-09,6.62E+00,6.47E-04,2.97E-02,3.71E+00,1.44E-01,2.58E+00
alkene,667,FALSE,FALSE,1.00E+01,0.00E+00,1.36E+02,6.10E-11,1.17E-01,4.44E+00,3.17E+00,3.02E-05,7.37E+00,1.30E-01,4.51E+00
oxygenated,9111,FALSE,TRUE,1.00E+01,3.00E+00,3.11E+02,2.06E-12,1.70E+01,4.54E+00,3.74E-01,2.17E-08,6.80E+00,1.44E-01,-6.95E-02
oxygenated,668,FALSE,FALSE,8.00E+00,5.00E+00,1.94E+02,4.93E-11,1.82E-09,7.93E+00,5.09E-05,5.35E+00,2.73E+00,1.44E-01,2.51E+00
oxygenated,9112,FALSE,TRUE,1.00E+01,5.00E+00,3.71E+02,1.55E-12,3.29E+01,4.97E+00,2.00E-01,4.58E-08,6.60E+00,1.44E-01,-6.95E-02
halocarbon,9113,FALSE,FALSE,2.00E+00,0.00E+00,1.00E+02,2.33E-12,1.76E-04,1.01E+00,2.43E+04,1.60E-03,1.11E+01,0.00E+00,-
oxygenated,9114,FALSE,TRUE,1.00E+01,5.00E+00,3.71E+02,1.55E-12,3.29E+01,4.97E+00,2.00E-01,4.58E-08,6.60E+00,1.44E-01,-6.95E-02
n-alkane,671,FALSE,FALSE,3.00E+00,0.00E+00,4.41E+01,1.29E-12,3.88E-01,1.59E+00,4.07E+03,2.39E-03,9.98E+00,0.00E+00,4.89E-01
oxygenated,9115,FALSE,FALSE,3.00E+00,2.00E+00,7.61E+01,1.38E-11,6.06E-08,6.70E+00,5.23E-02,4.36E+00,5.33E+00,0.00E+00,-
oxygenated,9116,FALSE,FALSE,3.00E+00,2.00E+00,7.41E+01,1.22E-12,4.45E-07,3.95E+00,3.53E+00,8.36E+00,7.15E+00,0.00E+00,1.22E+00
oxygenated,674,FALSE,FALSE,5.00E+00,2.00E+00,1.02E+02,2.71E-12,2.33E-04,3.27E+00,3.44E+01,2.03E-01,8.28E+00,8.50E-03,7.79E-01
alkene,9117,FALSE,FALSE,3.00E+00,0.00E+00,4.21E+01,2.63E-11,1.96E-01,1.60E+00,8.58E+03,5.26E-03,1.03E+01,0.00E+00,1.17E+01
oxygenated,679,FALSE,TRUE,4.00E+00,3.00E+00,1.02E+02,4.40E-12,1.51E-08,3.84E+00,4.78E-02,1.87E+00,5.42E+00,0.00E+00,2.80E-01
oxygenated,680,FALSE,FALSE,3.00E+00,2.00E+00,7.61E+01,1.30E-11,6.02E-08,6.74E+00,6.85E-02,1.17E+01,5.45E+00,0.00E+00,2.58E+00
oxygenated,681,FALSE,FALSE,7.00E+00,2.00E+00,1.32E+02,3.75E-11,2.53E-06,5.00E+00,7.32E-01,1.31E+00,6.72E+00,6.80E-02,2.72E+00
oxygenated,682,FALSE,FALSE,4.00E+00,2.00E+00,9.01E+01,1.91E-11,7.35E-07,4.08E+00,8.63E+00,1.11E+01,7.62E+00,0.00E+00,2.44E+00
oxygenated,684,FALSE,FALSE,6.00E+00,3.00E+00,1.32E+02,1.20E-11,1.82E-05,4.02E+00,3.87E+00,1.13E+00,7.44E+00,2.90E-02,1.70E+00
oxygenated,685,FALSE,FALSE,6.00E+00,2.00E+00,1.18E+02,2.77E-11,9.59E-07,4.77E+00,1.92E+00,5.47E+00,7.09E+00,5.20E-02,2.68E+00
oxygenated,2235,FALSE,FALSE,9.00E+00,2.00E+00,1.52E+02,4.24E-11,4.59E-07,7.48E+00,1.19E-02,8.09E-02,4.99E+00,3.60E-02,1.60E+00
oxygenated,686,FALSE,FALSE,7.00E+00,2.00E+00,1.32E+02,2.87E-11,1.48E-06,4.80E+00,2.09E+00,1.35E+00,7.17E+00,6.00E-02,1.61E+00
aromatic,648,TRUE,FALSE,8.00E+00,0.00E+00,1.06E+02,1.62E-11,6.83E-03,3.87E+00,8.81E+00,1.45E-03,7.70E+00,6.35E-02,5.84E+00
oxygenated,692,FALSE,FALSE,4.00E+00,1.00E+00,7.41E+01,8.93E-12,1.00E-05,3.95E+00,1.31E+01,2.10E+00,7.72E+00,0.00E+00,1.36E+00
oxygenated,9118,FALSE,TRUE,1.00E+01,5.00E+00,3.71E+02,1.55E-12,3.29E+01,4.97E+00,2.00E-01,4.58E-08,6.60E+00,1.44E-01,-6.95E-02
oxygenated,9029,FALSE,FALSE,2.00E+00,2.00E+00,7.51E+01,1.55E-12,9.30E-09,6.75E+00,1.37E-02,3.01E+00,4.74E+00,0.00E+00,1.58E+00
oxygenated,9119,FALSE,FALSE,1.80E+01,2.00E+00,2.82E+02,4.94E-11,6.05E-08,1.06E+01,1.39E-06,4.34E-08,1.32E+00,1.50E-01,-
oxygenated,9030,FALSE,FALSE,2.00E+00,2.00E+00,7.51E+01,1.55E-12,9.30E-09,6.75E+00,1.37E-02,3.01E+00,4.74E+00,0.00E+00,-
oxygenated,9030,FALSE,FALSE,2.00E+00,2.00E+00,7.51E+01,1.55E-12,9.18E-09,6.75E+00,1.33E-02,3.31E+00,4.73E+00,0.00E+00,-
aromatic,698,TRUE,FALSE,8.00E+00,0.00E+00,1.04E+02,5.32E-11,2.57E-03,3.78E+00,4.28E+00,2.12E-03,7.38E+00,4.90E-02,1.73E+00
n-alkane,9031,FALSE,FALSE,1.00E+01,0.00E+00,1.42E+02,1.11E-11,1.51E-01,4.33E+00,1.29E+00,4.58E-07,7.00E+00,6.96E-02,6.84E-01
oxygenated,702,FALSE,TRUE,6.00E+00,2.00E+00,1.16E+02,4.57E-13,3.09E-04,3.09E+00,4.68E+01,7.15E-02,8.47E+00,1.40E-02,1.80E-01
alkene,705,FALSE,FALSE,1.00E+01,0.00E+00,1.36E+02,1.71E-10,2.25E-02,4.31E+00,1.54E+00,9.09E-05,7.05E+00,1.30E-01,4.55E+00
oxygenated,706,FALSE,FALSE,4.00E+00,1.00E+00,7.41E+01,2.40E-12,9.01E-06,3.78E+00,2.56E+01,6.67E+00,8.01E+00,0.00E+00,4.06E-01
oxygenated,9120,FALSE,TRUE,1.60E+01,4.00E+00,3.73E+02,1.95E-10,2.14E-09,7.50E+00,2.59E-05,9.56E-05,2.71E+00,1.44E-01,-6.95E-02
halocarbon,9121,FALSE,FALSE,6.00E+00,0.00E+00,3.38E+02,4.95E-16,1.32E-02,9.59E-01,2.20E+02,3.54E-05,9.60E+00,0.00E+00,0.00E+00
oxygenated,707,FALSE,FALSE,4.00E+00,1.00E+00,7.21E+01,9.06E-12,1.04E-04,2.93E+00,1.77E+02,4.03E+00,8.84E+00,0.00E+00,4.31E+00
oxygenated,708,FALSE,FALSE,5.00E+00,2.00E+00,1.02E+02,2.00E-11,7.19E-07,4.61E+00,1.10E+00,1.03E+01,6.78E+00,0.00E+00,3.31E+00
oxygenated,3153,FALSE,FALSE,9.00E+00,3.00E+00,1.70E+02,3.25E-11,3.49E-05,5.01E+00,7.87E-02,1.33E-01,5.86E+00,1.44E-01,-
aromatic,3209,FALSE,FALSE,1.00E+01,0.00E+00,1.32E+02,2.43E-11,2.68E-03,5.01E+00,3.82E-01,4.61E-04,6.43E+00,1.00E-01,2.97E+00
aromatic,3209,FALSE,FALSE,1.00E+01,0.00E+00,1.32E+02,2.43E-11,2.68E-03,5.01E+00,3.82E-01,4.61E-04,6.43E+00,1.00E-01,2.97E+00
aromatic,23,FALSE,FALSE,1.00E+01,0.00E+00,1.34E+02,2.61E-11,7.72E-03,4.45E+00,6.42E-01,5.84E-05,6.67E+00,1.00E-01,9.26E+00
aromatic,717,TRUE,FALSE,7.00E+00,0.00E+00,9.21E+01,6.94E-12,5.98E-03,3.85E+00,2.39E+01,4.61E-03,8.07E+00,1.39E-01,4.00E+00
aromatic,717,TRUE,FALSE,7.00E+00,0.00E+00,9.21E+01,6.94E-12,5.98E-03,3.85E+00,2.39E+01,4.61E-03,8.07E+00,1.39E-01,4.00E+00
-,3133,-,-,-,-,-,-,-,-,-,-,-,0.00E+00,-
c-alkane,545,FALSE,FALSE,1.00E+01,0.00E+00,1.40E+02,1.02E-11,6.78E-02,4.31E+00,2.85E+00,1.72E-06,7.33E+00,2.00E-01,1.00E+00
c-alkane,720,FALSE,FALSE,9.00E+00,0.00E+00,1.26E+02,9.01E-12,7.85E-02,3.87E+00,1.53E+01,8.86E-06,8.02E+00,1.50E-01,1.22E+00
c-alkane,721,FALSE,FALSE,9.00E+00,0.00E+00,1.26E+02,9.01E-12,7.85E-02,3.87E+00,1.53E+01,8.86E-06,8.02E+00,1.50E-01,1.22E+00
c-alkane,722,FALSE,FALSE,9.00E+00,0.00E+00,1.26E+02,9.01E-12,8.01E-02,3.87E+00,1.40E+01,8.84E-06,7.98E+00,1.50E-01,1.15E+00
halocarbon,723,FALSE,FALSE,4.00E+00,0.00E+00,9.69E+01,2.48E-12,5.64E-03,2.70E+00,2.00E+02,4.69E-02,9.02E+00,0.00E+00,1.70E+00
c-alkane,726,FALSE,FALSE,8.00E+00,0.00E+00,1.12E+02,1.32E-11,1.39E-01,3.48E+00,1.74E+01,4.29E-05,8.02E+00,1.07E-01,1.52E+00
c-alkane,729,FALSE,FALSE,8.00E+00,0.00E+00,1.12E+02,1.32E-11,1.36E-01,3.48E+00,1.45E+01,4.20E-05,7.94E+00,1.07E-01,1.62E+00
oxygenated,3183,FALSE,FALSE,1.20E+01,4.00E+00,2.66E+02,1.86E-11,1.13E-06,7.88E+00,1.72E-03,1.39E-03,4.39E+00,1.44E-01,-
halocarbon,747,TRUE,FALSE,5.00E+00,0.00E+00,1.31E+02,2.27E-12,5.93E-03,3.70E+00,8.37E+01,1.05E-02,8.77E+00,0.00E+00,6.39E-01
halocarbon,749,FALSE,TRUE,5.00E+00,0.00E+00,1.87E+02,5.10E-16,8.28E-02,2.82E+00,4.82E+02,1.01E-03,9.69E+00,0.00E+00,-
oxygenated,750,FALSE,FALSE,6.00E+00,3.00E+00,1.49E+02,4.60E-11,6.02E-11,7.26E+00,6.31E-06,6.71E+00,1.70E+00,3.40E-01,4.21E+00
oxygenated,3179,FALSE,FALSE,1.40E+01,3.00E+00,2.76E+02,6.24E-12,1.08E-05,7.42E+00,3.70E-01,3.15E-06,6.74E+00,0.00E+00,-
n-alkane,751,TRUE,FALSE,6.00E+00,0.00E+00,1.01E+02,3.04E-11,1.00E-04,3.17E+00,4.23E+01,7.22E-01,8.36E+00,0.00E+00,3.84E+00
c-alkane,9122,FALSE,FALSE,6.00E+00,0.00E+00,1.12E+02,2.18E-11,6.13E-06,3.87E+00,7.44E-01,4.03E+00,6.65E+00,3.92E-02,3.46E+00
oxygenated,2261,FALSE,FALSE,6.00E+00,4.00E+00,1.50E+02,2.89E-11,6.53E-10,7.58E+00,1.00E-03,6.45E+00,3.91E+00,3.60E-01,3.25E+00
oxygenated,2262,TRUE,FALSE,1.00E+01,4.00E+00,2.06E+02,3.61E-11,8.45E-09,8.54E+00,3.22E-03,4.05E+00,4.55E+00,3.70E-01,1.96E+00
aromatic,755,FALSE,FALSE,9.00E+00,0.00E+00,1.20E+02,3.45E-11,7.06E-03,4.54E+00,1.88E+00,4.93E-04,7.08E+00,7.30E-02,8.87E+00
b-alkane,2265,FALSE,FALSE,1.30E+01,0.00E+00,1.84E+02,2.07E-11,1.45E-01,5.31E+00,1.81E+00,2.72E-08,7.25E+00,1.10E-01,-
b-alkane,760,FALSE,FALSE,1.10E+01,0.00E+00,1.56E+02,1.69E-11,1.50E-01,4.45E+00,6.91E-01,1.01E-06,6.76E+00,4.00E-02,-
oxygenated,9032,FALSE,FALSE,1.00E+01,4.00E+00,2.06E+02,2.53E-11,1.11E-08,7.72E+00,1.62E-02,3.23E+00,5.25E+00,3.80E-01,1.92E+00
oxygenated,3097,FALSE,FALSE,1.00E+01,4.00E+00,2.06E+02,2.53E-11,1.11E-08,7.72E+00,1.62E-02,3.23E+00,5.25E+00,1.44E-01,2.18E+00
oxygenated,3180,FALSE,FALSE,1.00E+01,4.00E+00,2.06E+02,2.53E-11,1.11E-08,7.72E+00,1.62E-02,3.23E+00,5.25E+00,3.60E-01,1.92E+00
oxygenated,3093,FALSE,FALSE,1.30E+01,4.00E+00,2.48E+02,1.87E-11,1.75E-06,9.14E+00,2.68E-03,2.19E-02,4.55E+00,3.80E-01,1.64E+00
oxygenated,3181,FALSE,FALSE,3.00E+00,2.00E+00,9.11E+01,2.54E-11,9.28E-08,6.69E+00,5.22E-02,9.35E+00,5.41E+00,0.00E+00,-
alkene,761,FALSE,FALSE,1.00E+01,0.00E+00,1.36E+02,6.10E-11,1.17E-01,4.44E+00,3.17E+00,3.02E-05,7.37E+00,1.30E-01,4.51E+00
alkene,761,FALSE,FALSE,1.00E+01,0.00E+00,1.36E+02,5.38E-11,1.33E-01,4.44E+00,4.71E+00,1.85E-05,7.54E+00,1.30E-01,4.51E+00
-,2284,-,-,-,-,-,-,-,-,-,-,-,0.00E+00,-
oxygenated,9123,FALSE,FALSE,2.00E+00,2.00E+00,6.01E+01,7.41E-13,1.00E-07,4.23E+00,1.56E+01,1.34E+01,7.70E+00,0.00E+00,6.85E-01
oxygenated,768,TRUE,FALSE,4.00E+00,2.00E+00,8.61E+01,2.50E-11,1.65E-04,2.68E+00,7.26E+01,3.38E-01,8.53E+00,0.00E+00,3.20E+00
oxygenated,771,FALSE,FALSE,5.00E+00,3.00E+00,1.48E+02,3.88E-11,1.51E-04,3.26E+00,1.71E+01,1.11E+00,8.13E+00,1.44E-01,-
n-alkane,772,FALSE,FALSE,1.00E+01,0.00E+00,1.42E+02,1.11E-11,1.51E-01,4.33E+00,1.29E+00,4.58E-07,7.00E+00,6.96E-02,6.84E-01
oxygenated,773,FALSE,TRUE,1.00E+01,5.00E+00,3.71E+02,1.66E-12,2.74E+01,4.97E+00,1.79E-01,4.49E-08,6.55E+00,1.44E-01,-6.95E-02
n-alkane,560,FALSE,FALSE,1.00E+01,0.00E+00,1.42E+02,1.11E-11,1.51E-01,4.33E+00,1.29E+00,4.58E-07,7.00E+00,6.96E-02,6.84E-01
oxygenated,774,FALSE,FALSE,3.00E+00,1.00E+00,6.01E+01,5.53E-12,7.73E-06,3.70E+00,2.75E+01,1.10E+01,7.95E+00,0.00E+00,6.14E-01
oxygenated,774,FALSE,FALSE,3.00E+00,1.00E+00,6.01E+01,5.08E-12,8.09E-06,3.48E+00,4.49E+01,9.01E+00,8.16E+00,0.00E+00,6.14E-01
aromatic,775,TRUE,FALSE,8.00E+00,0.00E+00,1.06E+02,1.44E-11,6.89E-03,3.84E+00,8.84E+00,1.60E-03,7.70E+00,6.35E-02,5.84E+00
aromatic,522,TRUE,FALSE,8.00E+00,0.00E+00,1.06E+02,1.62E-11,6.83E-03,3.87E+00,8.81E+00,1.45E-03,7.70E+00,6.35E-02,5.84E+00
oxygenated,776,FALSE,FALSE,8.00E+00,1.00E+00,1.22E+02,8.00E-11,7.53E-07,6.07E+00,8.07E-02,3.82E-02,5.72E+00,1.44E-01,-
