fipstate,fipscty,2401001000,2401005000,2401008000,2401015000,2401020000,2401025000,2401030000,2401040000,2401055000,2401060000,2401065000,2401070000,2401075000,2401080000,2401085000,2401090000,2401100000,2401200000,2415000000,2420000000,2425000000,2460030999,2460100000,2460200000,2460400000,2460500000,2460600000,2460800000,2460900000,2461850000
# All emissions reported in Gg/year
1.000000000000000000e+00,9.990000000000000000e+02,3.582091830193354198e+00,3.547967783742601577e-01,9.225630414444477845e-01,5.903707640783193572e-02,4.561375985071184913e-01,6.146870264711180587e-01,1.261560597949707915e-02,7.230495538433849567e-02,7.038703195954980341e-02,4.635657090739812858e-02,4.254853466662045225e-02,6.310276654014612685e-01,1.796065218030967053e-02,2.992991961380922494e-01,1.382768496765464372e-02,1.790568008075780482e-01,9.760989129126503849e-01,4.568863586008164446e-01,1.571105186786484698e+00,2.944092717912992138e-02,3.161296195003909570e+00,9.547757460775406491e-02,6.355167147720400145e+00,6.729507506214543966e+00,5.704909080806171984e-01,4.646324991799095194e+00,3.671010031906517312e+00,2.820682461040451838e-01,8.026688940953760620e-02,1.005872796571259942e+00
2.000000000000000000e+00,9.990000000000000000e+02,5.339485525590927928e-01,5.011447416547626377e-02,5.372330922022964389e-02,7.639056403314380128e-03,1.542622782123199629e-02,0.000000000000000000e+00,0.000000000000000000e+00,1.589119898556889867e-03,8.682865868655363249e-04,0.000000000000000000e+00,0.000000000000000000e+00,5.938897591305006534e-04,9.618528450882294224e-05,5.807466470931650637e-02,0.000000000000000000e+00,2.817342823050689692e-03,1.454978337828042589e-01,6.810372860980853926e-02,1.224864226412439028e-01,1.223849649947203206e-03,1.262751362392385002e-01,1.423193909602012662e-02,9.473046646080094391e-01,1.003104041636155408e+00,8.503768441953250823e-02,6.925837252911387631e-01,5.472027479710341868e-01,4.204524587020632559e-02,1.196462610405216002e-02,4.230321985636076657e-03
4.000000000000000000e+00,9.990000000000000000e+02,3.577292342806749126e+00,4.718718873993021368e-01,8.082609480472499053e-01,1.655687910904966170e-02,2.339201270478196704e-01,6.565380580606409999e-02,7.911481715955794372e-03,2.240659056965214890e-02,3.831624666896631115e-02,7.138911919739311142e-03,2.718495047419049876e-02,6.790139579392058533e-02,7.800626573665540853e-02,1.683487362196139925e-02,0.000000000000000000e+00,1.345392291966603648e-01,9.747910808852535691e-01,6.114074235138274860e-01,1.507885877021052590e+00,2.664075918005071736e-02,2.543173880876558268e+00,1.277685288592283197e-01,8.504513865738573486e+00,9.005457852783971262e+00,7.634335534022456127e-01,6.217733444140334242e+00,4.912562485286175118e+00,3.774650224482108407e-01,1.074135200657904271e-01,7.941411797636179770e-01
5.000000000000000000e+00,9.990000000000000000e+02,2.183655144919539381e+00,2.231749362038863149e-01,3.645212852811586246e-01,4.045932727331710832e-02,2.601181173993946660e-01,4.185103158952293567e-01,9.258571845969890135e-02,6.833215563794625691e-02,8.457731560775229307e-02,3.374758362058583039e-02,3.909015623312666471e-02,1.413061700224504669e-01,1.228312079200509152e-02,7.784716728544567588e-02,1.909537447914213051e-02,9.612738162181784507e-02,5.950331577672105521e-01,2.785194503370321262e-01,1.054294061653187287e+00,1.685975277767267147e-02,3.620009955219918751e+00,5.820344840389184149e-02,3.874131121366089392e+00,4.102330254310327717e+00,3.477731631723178229e-01,2.832415235084209115e+00,2.237859977696666114e+00,1.719497450154096052e-01,4.893096389892480358e-02,2.451121254003146177e+00
6.000000000000000000e+00,9.990000000000000000e+02,2.081638133957749659e+01,2.312751182142970041e+00,4.931777469648008783e+00,8.738376155756219510e-02,1.548740079362653344e+00,1.411687609304095314e+00,9.352654331240715935e-02,4.438411876669393630e-01,3.803653434705462355e-01,1.220104946282718483e-02,1.380836189082243759e-01,6.707390939619874981e-01,1.644872349192232908e-01,1.122400231950097638e+00,3.950767133615612492e-02,1.479229407336699609e+00,5.672341235104518375e+00,3.557799827935376857e+00,9.067583141566274207e+00,1.744817968936728525e-01,2.422641870367151640e+01,7.434892552962896195e-01,4.948513165011647885e+01,4.862970405104410787e+01,1.251392917839808661e+00,1.915432984755067736e+01,2.071475510424996713e+01,2.196481331874924336e+00,6.250427922705120709e-01,1.569005547065100004e+01
8.000000000000000000e+00,9.990000000000000000e+02,3.776526877343723498e+00,3.851133444249013604e-01,6.484507878451603036e-01,1.129087754891636847e-02,2.008734234825080012e-01,1.286919221377830214e-01,2.993533622253543875e-03,1.875161480297130312e-01,7.124911649936629954e-02,1.483410269036739828e-03,5.030368630536407280e-03,3.955305795809133801e-02,2.258794424586925767e-02,1.129857290064523569e-03,3.950767133615612492e-03,1.478793919013893510e-01,1.029081317371374427e+00,4.816860356856206837e-01,1.125029673719721401e+00,2.709113585123128568e-02,2.923840035020502270e+00,1.006600734382375878e-01,6.700124028389983444e+00,7.094783487762724938e+00,6.014570116507550468e-01,4.898526348347689741e+00,3.870271536769918974e+00,2.973788398382939402e-01,8.462375605807199996e-02,1.842434290208286640e+00
9.000000000000000000e+00,9.990000000000000000e+02,1.997926144656499314e+00,2.817532607084065610e-01,4.322614437104562723e-01,4.058510756535850875e-03,1.237422843763480301e-01,7.611656370344482836e-02,2.052708769545287526e-02,3.654975766680846477e-02,9.517661401456085912e-02,1.112557701777555034e-03,5.598381088401143540e-02,4.905529410417935193e-02,8.602603878286400885e-02,8.980105741432833355e-01,4.389741259572902407e-04,1.346369918813719035e-01,5.444230997767874891e-01,3.414724767830736862e-01,1.399568753449009328e+00,2.446720220174448263e-02,2.907273326184450557e+00,7.135902235819616135e-02,4.749511295105014241e+00,4.667408592566698822e+00,1.201068805862336303e-01,1.838404848638912181e+00,1.988172205716216556e+00,2.108150983408104140e-01,5.999070231443520695e-02,4.191966938347854721e-02
1.000000000000000000e+01,9.990000000000000000e+02,5.022719358074999585e-01,8.971029039514639980e-02,1.527811899294791165e-01,1.035591071140862501e-03,2.666343688066392242e-02,9.625737265590275649e-02,2.565885961931609408e-03,0.000000000000000000e+00,4.211189946297851441e-03,0.000000000000000000e+00,1.718709282099939104e-02,4.157228313913505224e-03,9.748508565083405762e-04,6.779143740387140113e-03,0.000000000000000000e+00,5.760888384547183799e-02,1.368661424019856909e-01,8.584503606278390264e-02,2.089753806265257363e-01,3.279917061858504245e-03,5.404428571405309745e-01,1.793941902859680013e-02,1.194011219439808036e+00,1.173370875226265264e+00,3.019446718648331751e-02,4.621688166969332712e-01,4.998198282526801206e-01,5.299820908009200693e-02,1.508146147569600429e-02,1.995065367424331271e-01
1.100000000000000000e+01,1.000000000000000000e+00,3.376383568483748987e-01,2.560355497552806083e-03,5.369834399029983774e-02,0.000000000000000000e+00,1.230108684020654770e-02,0.000000000000000000e+00,0.000000000000000000e+00,0.000000000000000000e+00,0.000000000000000000e+00,0.000000000000000000e+00,0.000000000000000000e+00,0.000000000000000000e+00,2.599602284022241609e-05,0.000000000000000000e+00,0.000000000000000000e+00,1.066502015034961545e-03,9.200446239244593205e-02,5.770694090887138611e-02,2.201033097445954240e-02,3.877155691032739895e-03,2.669080868030551112e-01,1.205927612477895872e-02,8.026408752900930921e-01,7.887659772354338461e-01,2.029739183091378366e-02,3.106801490018273326e-01,3.359899956587460434e-01,3.562657388161740574e-02,1.013809354755120136e-02,0.000000000000000000e+00
1.200000000000000000e+01,9.990000000000000000e+02,1.405914956318059872e+01,1.417866165756265007e+00,2.386135155080059800e+00,3.680331345131373361e-02,4.230244025805083852e-01,3.661965264083257288e-01,2.099750012180700079e-02,1.732140689427009994e-01,1.155255303824596069e-01,4.821083374369404713e-03,5.271407127416276317e-02,1.476805867704511777e-01,2.722303511828091244e-02,8.876158870746897467e-01,8.779482519145804815e-04,4.001871061082853398e-01,3.831035399323137636e+00,1.793207419978152473e+00,3.463621399580362414e+00,8.324135779080896191e-02,7.759478269721370225e+00,3.747345308195776381e-01,2.494303598687756462e+01,2.641226328117608446e+01,2.239087488917662849e+00,1.823609808889833062e+01,1.440813958243059290e+01,1.107073700784144243e+00,3.150349730478720911e-01,7.991906772172854723e+00
1.300000000000000000e+01,9.990000000000000000e+02,7.261401183961893935e+00,6.961231513919685643e-01,1.648378065571273421e+00,6.032003538665421660e-02,5.090655181006558117e-01,6.042242685737373442e-01,7.184480693408505647e-02,1.303078316816649596e-01,1.300507245713102278e-01,4.144277439121392403e-02,6.971252527151704237e-02,3.320437643298629338e-01,4.735695480803317481e-02,2.457439605890338330e-01,9.218456645103097549e-03,2.949766823250863923e-01,1.978689028054662735e+00,9.261725557440350087e-01,2.235248509396175365e+00,5.419206249966215805e-02,8.295871486924198734e+00,1.935463986307499051e-01,1.288281273577559105e+01,1.364165300320317797e+01,1.156464867946303432e+00,9.418750661872488550e+00,7.441650816244735900e+00,5.717917890752147736e-01,1.627122121433424162e-01,3.460119409158051607e+00
1.500000000000000000e+01,9.990000000000000000e+02,1.017044862017319584e+00,8.085504813290962656e-02,1.553588193077945490e-01,1.337463772040223308e-03,1.868435352485427192e-02,3.923534211517774872e-03,4.276476603219349013e-04,1.112383928989822864e-02,4.341432934327681624e-04,0.000000000000000000e+00,0.000000000000000000e+00,7.918530121740008712e-04,0.000000000000000000e+00,8.586915404490379211e-02,0.000000000000000000e+00,9.829593571905562155e-03,2.771387310148652472e-01,1.297213878282067467e-01,1.931428323653006096e-01,9.105441395607191679e-03,3.718305760980492591e-01,2.710845542099071803e-02,1.804389837348589598e+00,1.910674365021248322e+00,1.619765417514904826e-01,1.319207095792645168e+00,1.042290948516255478e+00,8.008618260991678950e-02,2.278976400771840286e-02,4.164370300797540919e-02
1.600000000000000000e+01,9.990000000000000000e+02,1.174088553946464719e+00,1.335298777959386951e-01,1.911967009783621940e-01,2.253144298101617676e-02,9.787675583126506651e-02,1.504021447748480345e-01,0.000000000000000000e+00,3.178239797113779734e-03,1.551752171669694078e-02,5.562788508887775169e-04,9.222342489316746536e-03,1.868773108730642507e-02,1.533765347573122495e-03,1.807771664103237710e-02,3.292305944679677771e-02,3.416361454828659855e-02,3.199322115392194688e-01,1.497518962428563416e-01,4.163508739350087473e-01,5.257658096173184123e-03,6.884387894092593996e-01,3.129431986099663610e-02,2.083008856350945237e+00,2.205704965502470749e+00,1.869876254042941721e-01,1.522908191466509686e+00,1.203232933213618461e+00,9.245243139527160869e-02,2.630877168538080582e-02,6.556675033560528831e+00
1.700000000000000000e+01,9.990000000000000000e+02,9.572186936633597654e+00,9.517020772368576242e-01,1.406492163659665673e+00,3.231714970183712649e-02,5.115257354686971736e-01,8.140025644162210972e-01,1.098626839367050911e-01,6.100631290559900277e-01,4.228555678035161858e-01,3.745610929317767790e-02,1.350025181220208259e-01,5.710250034039764389e-01,1.252748340670318226e-02,5.592793585819390983e-02,1.161086563157032875e-01,6.774865175341672208e-01,2.608364527198731242e+00,1.220907179559593159e+00,4.140144048319264414e+00,5.616980353397683923e-02,1.821270339618474665e+01,2.551384039622655586e-01,1.698249258681025253e+01,1.798281755314116381e+01,1.524485098837557562e+00,1.241606678393077701e+01,9.809797162505933699e+00,7.537523069168640122e-01,2.144918965432320301e-01,6.286914577582050967e+00
1.800000000000000000e+01,9.990000000000000000e+02,4.853397907715004678e+00,5.145988390145145308e-01,1.201135223466856639e+00,5.198499470071075296e-02,1.036017481390584916e+00,5.137214127613940473e-01,1.005399649416868907e-01,1.724195089934225655e-01,1.903532280291217182e-01,3.078076308251235724e-02,8.186924946198002873e-02,1.673205211048968355e+00,1.438879864206310533e-02,2.553477475545822828e-01,1.593476077224963844e-02,4.270540693703743784e-01,1.322522326681232041e+00,6.190380933860749613e-01,3.228129074692414058e+00,2.574000583768958073e-02,9.582920688942794030e+00,1.293631438839924763e-01,8.610654444406137031e+00,9.117850462491105645e+00,7.729615852699803780e-01,6.295333861539902820e+00,4.973873717551836826e+00,3.821759743664412401e-01,1.087540944191856263e-01,3.287016950031112827e+00
1.900000000000000000e+01,9.990000000000000000e+02,2.280872668494724476e+00,2.919131427146192670e-01,2.178460262848339046e-01,4.347386160590933218e-02,2.551311903020136440e-01,5.676046159329047880e-01,6.307802989748539924e-02,1.183894324424882988e-01,2.314852040583519899e-01,4.765455489280527590e-02,1.058473399342035708e-02,2.021402776827180559e-01,1.507769324732900025e-03,9.038858320516188552e-03,3.511793007658321926e-03,1.523320378141603260e-01,6.215243599965727395e-01,2.909192888794343013e-01,1.377740587862247512e+00,1.240494005186485067e-02,4.301822061094758176e+00,6.079469781913359600e-02,4.046609561700881486e+00,4.284968245084417759e+00,3.632562149573867472e-01,2.958515913358505500e+00,2.337490730128366945e+00,1.796050418825340111e-01,5.110939722319200740e-02,5.655102560811603674e+00
2.000000000000000000e+01,9.990000000000000000e+02,2.138785518654069850e+00,2.428913043347228906e-01,3.461097661248574986e-01,9.538338813139526570e-03,2.246111964660416904e-01,6.800792633297478296e-02,2.052708769545287526e-02,1.334860714787787506e-01,1.037230348481373576e-01,1.297983985407147323e-03,1.949267844332857463e-02,1.496404229755818049e-01,8.376698439804868002e-02,4.349950566748415209e-02,3.072818881701032227e-03,1.175640721240205772e-01,5.828064490459665681e-01,2.727964479328466307e-01,1.182498893421296771e+00,1.321757621942979549e-02,4.128055692858837666e+00,5.700748713531871709e-02,3.794525687365416289e+00,4.018035797029978262e+00,3.406271392715167767e-01,2.774214922034533792e+00,2.191876553497420055e+00,1.684165310767368195e-01,4.792553313387840769e-02,4.546902822092940610e+00
2.100000000000000000e+01,9.990000000000000000e+02,3.253047904246574085e+00,3.051389281191754788e-01,6.849108311151257400e-01,4.474004987912609532e-02,2.361143749706672845e-01,1.867602284682461089e-01,1.341958358090231673e-01,4.926271685526359412e-02,9.499055260308966742e-02,3.356215733695623593e-02,4.443492290307159837e-02,7.926250688608705852e-01,4.289343768636697841e-03,9.637682684250385712e-02,2.567998636850148120e-02,1.672630660246497702e-01,8.864363822901940582e-01,4.149176743034554415e-01,1.447272324323125581e+00,2.203908449624923313e-02,7.195105722039875751e+00,8.670719197155118962e-02,5.771393965048797980e+00,6.111348152825316404e+00,5.180867328080761558e-01,4.219522696101475567e+00,3.333798254445375697e+00,2.561580105537780150e-01,7.289373046586400395e-02,1.046836167971105791e+00
2.200000000000000000e+01,9.990000000000000000e+02,3.395135054087229598e+00,3.417177649409012252e-01,6.476190951055768030e-01,2.614133736260437074e-02,9.169296623051258199e-02,3.923534211517774872e-02,3.656387495752543015e-02,1.271295918845511894e-02,5.589284800594438579e-02,1.297983985407147323e-03,1.729189216746889954e-02,4.800608886304880141e-02,4.731276156920479620e-03,1.245215719380111441e+00,1.646152972339838885e-02,2.266227906781373147e-01,9.251542932408000075e-01,4.330405152500431121e-01,1.114978896459343671e+00,2.808979716558820602e-02,2.316762193450518481e+00,9.049440265536606853e-02,6.023477839384261401e+00,6.378280600879755902e+00,5.407158084939461817e-01,4.403823687425447275e+00,3.479412431076323031e+00,2.673465213595752066e-01,7.607759455517761060e-02,1.676700808500605655e+00
2.300000000000000000e+01,9.990000000000000000e+02,7.422463051377499177e-01,1.290288706792216411e-01,1.909256607707532361e-01,1.655687910904966170e-02,7.733061619005521248e-02,3.714279053570160305e-02,0.000000000000000000e+00,0.000000000000000000e+00,1.288165172085513517e-02,0.000000000000000000e+00,4.925569284066898777e-03,9.799181025653261323e-03,4.575300019879145232e-03,9.782304417378645534e-01,4.389741259572902407e-04,2.971985615230758604e-02,2.022577437718232896e-01,1.268598866261139713e-01,3.844402501508785708e-01,3.064519523467796377e-03,1.174763731018688251e+00,2.651047478670416277e-02,1.764483246505494041e+00,1.733981404501036439e+00,4.462071262002535038e-02,6.829828068965790866e-01,7.386226350845161992e-01,7.831957564058041055e-02,2.228704862519520491e-02,1.664942071279267577e-01
2.400000000000000000e+01,9.990000000000000000e+02,3.231282787028249004e+00,4.890768240229850239e-01,8.675224358033091221e-01,1.038945212261966657e-02,1.792634060605235169e-01,1.056738547635454190e-01,5.987067244507087750e-03,8.501791457279361808e-02,4.219252607461602966e-02,3.708525672591849571e-04,1.372871438750561043e-02,2.341905283504607665e-02,9.764106178787538420e-03,7.242385229313595685e-02,1.031589195999632266e-02,1.208435658202530738e-01,8.805055161194411673e-01,5.522697320039096081e-01,1.119770638179224065e+00,3.316143011496942156e-02,4.249544890989883861e+00,1.154102624173060643e-01,7.681472178396097306e+00,7.548685963955638734e+00,1.942510722330426376e-01,2.973286054083603691e+00,3.215507561758908395e+00,3.409551450819252039e-01,9.702406882697761636e-02,4.964507547284636169e-01
2.500000000000000000e+01,9.990000000000000000e+02,3.666585131394748842e+00,4.682352041129691500e-01,8.806716075546879852e-01,9.613806988364365091e-03,1.658984414395423546e-01,3.437015969289570760e-01,1.123858051326044882e-01,4.576665307843843372e-02,1.083435598996718152e-01,5.099222799813792929e-03,6.709254160977931591e-02,5.503378434609305925e-02,1.152143732278657420e-02,6.530575136572945583e-02,3.072818881701032227e-03,3.523900408011351737e-01,9.991228395344955437e-01,6.266687632583223255e-01,1.845858112840461862e+00,3.806661951195781241e-02,6.888805683115541534e+00,1.309577589087566329e-01,8.716281901910596375e+00,8.565607389151736584e+00,2.204196104613282137e-01,3.373832361887612930e+00,3.648684746244564625e+00,3.868869262846716395e-01,1.100946687725808115e-01,5.207933831870477370e-02
2.600000000000000000e+01,9.990000000000000000e+02,7.388531791714058272e+00,6.509173842632018925e-01,1.088237508117916974e+00,3.933988267414863932e-02,3.984887212613937302e-01,3.027137428659680829e+00,4.473194526967438911e-02,5.561919644949114144e-02,3.583356723523578036e-01,2.642324541721693260e-02,6.466119677168673252e-02,2.062658318761446008e+00,1.117049101444357248e-02,1.407802183420396314e-01,8.998969582124451833e-03,4.101233498816943546e-01,2.013331369431520912e+00,9.423877292225608659e-01,3.467130063352109381e+00,3.531540549887648983e-02,7.768313847767264413e+00,1.969349555583737310e-01,1.310836146544416358e+01,1.388048729883083432e+01,1.176711935665239572e+00,9.583651548846567891e+00,7.571937184809267585e+00,5.818025619014542960e-01,1.655609326443072127e-01,2.400651886044107286e+00
2.700000000000000000e+01,9.990000000000000000e+02,3.970961924494093687e+00,4.296994076752795322e-01,7.364048769820775719e-01,5.156153438417136747e-02,5.369923098459896682e-01,4.219107122118780917e-01,9.557925208195243438e-02,1.628847896020812203e-01,1.951474103980292973e-01,3.393300990421542485e-02,2.137906667977972769e-02,1.567473037598434982e-01,3.288496889288135879e-03,1.643942357043881863e-01,8.779482519145806116e-03,2.751308573286441739e-01,1.082063721830098801e+00,5.064857127704248674e-01,2.007557615242248517e+00,2.531900155810774128e-02,1.170566831446888401e+01,1.058425722687211107e-01,7.045080909059565855e+00,7.460059469310903246e+00,6.324231152208930062e-01,5.150727704896283399e+00,4.069533041633320636e+00,3.126894335725428076e-01,8.898062270660640760e-02,3.722345521874753871e+00
2.800000000000000000e+01,9.990000000000000000e+02,2.221046500140764657e+00,1.835465039806167542e-01,5.027506118478864972e-01,3.881999080037751987e-02,1.152578590746704323e+00,3.693353537775398987e-01,2.202385450657964525e-02,1.168003125439314033e-01,6.233677488989646659e-02,2.104588319195874538e-02,6.790997651224149612e-02,1.723468080996712892e-01,9.618528450882293411e-04,2.162546853183497930e+00,2.633844755743742095e-03,9.376330215515703281e-02,6.052220817015806498e-01,2.832886190071868260e-01,9.962149839145360009e-01,2.101105079029358391e-02,1.925051566749207410e+00,5.920008279436943938e-02,3.940468983033317052e+00,4.172575635377286041e+00,3.537281830896520374e-01,2.880915495958938255e+00,2.276179497862705237e+00,1.748940899643035840e-01,4.976882286979680825e-02,1.955768311491129285e+00
2.900000000000000000e+01,9.990000000000000000e+02,4.486962626546998401e+00,5.150065389345070965e-01,7.062324540831524944e-01,2.991893880024775604e-02,4.514166408549311060e-01,2.437822590089711028e-01,5.495272435136863004e-02,2.566428636169377220e-01,1.721378158460925567e-01,5.562788508887775169e-04,7.576992749745463385e-02,3.353893433062980489e-01,2.326124123743101429e-02,3.362455295232021912e-01,2.085127098297129278e-02,2.404962043903837721e-01,1.222670872124405506e+00,5.723002404185592029e-01,1.909631839003235410e+00,2.678762113804438599e-02,7.947234303196622385e+00,1.195961268573119823e-01,7.960543400067306763e+00,8.429445728034918872e+00,7.146023900801050655e-01,5.820031304967550945e+00,4.598342419924656532e+00,3.533213938672800092e-01,1.005430765046400055e-01,2.878839460564791786e+00
3.000000000000000000e+01,9.990000000000000000e+02,7.410966604846792594e-01,1.091331145835883754e-01,1.120356880532830113e-01,1.167241110144195092e-02,5.372582792911832078e-02,1.700198158324369574e-02,0.000000000000000000e+00,0.000000000000000000e+00,8.602239257017849083e-03,1.854262836295924785e-04,1.530070458454823971e-02,7.720566868696508711e-03,6.109065367452267510e-04,4.519429160258094276e-03,4.389741259572902407e-04,2.149001560295447574e-02,2.019444723792142848e-01,9.452492304246536137e-02,2.198498622486678433e-01,3.260335467459349063e-03,3.696216815865757122e-01,1.975329361926603244e-02,1.314816418244450169e+00,1.392263452747100949e+00,1.180284947615640179e-01,9.612751705371407329e-01,7.594928896908891280e-01,5.835691688707907859e-02,1.660636480268304002e-02,1.360192367485053344e+00
3.100000000000000000e+01,9.990000000000000000e+02,1.368523601096834463e+00,1.734681619584025059e-01,2.166673617278686570e-01,7.819341488573721896e-03,8.112068078406479976e-02,1.347080079287769350e-01,1.539531577158965645e-02,1.271295918845511894e-02,5.949623734143635878e-02,1.854262836295924785e-04,3.877575819371813746e-03,1.387722403834936447e-01,1.273805119170898443e-03,1.129857290064523569e-03,1.338871084169735576e-02,8.685770160780564852e-02,3.729146159979436215e-01,1.745515733276605530e-01,7.236005211074481025e-01,7.441005871678994278e-03,1.856943985978772638e+00,3.647681869148015205e-02,2.427965737020528980e+00,2.570980947050650389e+00,2.179537289744320483e-01,1.775109548015103123e+00,1.402494438077020567e+00,1.077630251295204067e-01,3.066563833391520652e-02,4.567223489484559806e+00
3.200000000000000000e+01,9.990000000000000000e+02,2.019133181946149325e+00,1.694563947456764752e-01,3.213826604389026231e-01,4.318456693421410600e-03,5.425776681950564284e-02,3.243454948188027875e-02,1.047736767788740551e-02,1.589119898556889867e-03,9.389899232245870267e-03,5.562788508887775169e-04,2.253185949094432469e-02,1.225392536339266376e-02,2.287650009939572616e-03,6.779143740387140113e-03,2.633844755743742095e-03,7.467291608603121578e-02,5.502018924559824997e-01,2.575351081883516802e-01,5.250719294536866366e-01,1.865146866519537885e-02,1.277477325802208519e+00,5.381825708579039691e-02,3.582244530030288754e+00,3.793250577615713937e+00,3.215710755360473017e-01,2.619014087235398858e+00,2.069254088966095750e+00,1.589946272402760208e-01,4.524438442708800939e-02,2.005205093542081207e-01
3.300000000000000000e+01,9.990000000000000000e+02,7.366655058509997689e-01,1.522514581219936158e-01,1.871344202721457461e-01,7.852882899784760853e-03,7.566830715759487180e-02,8.160951159956970902e-02,1.428343185475262379e-02,0.000000000000000000e+00,5.435474033778258524e-02,1.854262836295924785e-04,4.047350760652417695e-02,2.333986753382867249e-02,2.430628135560795877e-03,2.994121818670986840e-02,0.000000000000000000e+00,6.868272976825151588e-02,2.007370088562456523e-01,1.259060528920830369e-01,5.886238890575237193e-01,7.979499717655763949e-03,1.116964324635130179e+00,2.631114790860863625e-02,1.751216455178384868e+00,1.720943950331855543e+00,4.428521854017552356e-02,6.778475978221687459e-01,7.330690814372641251e-01,7.773070665080160369e-02,2.211947683102080328e-02,1.935001057940154492e-02
3.400000000000000000e+01,9.990000000000000000e+02,4.911103372339998607e+00,6.198017263693754719e-01,1.126470177298469988e+00,8.917822705735283309e-03,2.455562902750420551e-01,2.508446205897030823e-01,9.686219506291825210e-02,1.036106173859092233e-01,7.606810705647001902e-02,4.079378239851035558e-03,5.671740630929799493e-02,3.367354934269938677e-02,3.142919161382889785e-03,1.222505587849814640e-01,8.779482519145804815e-04,6.256989571874278511e-01,1.338246725708304385e+00,8.393736859472201717e-01,2.061763698433757064e+00,4.383339906250902779e-02,8.510870552707626047e+00,1.754076527240575889e-01,1.167477636785590001e+01,1.147295966887903695e+01,2.952347902678368885e-01,4.518983985481124677e+00,4.887127209581760390e+00,5.182047110053440431e-01,1.474631788734720450e-01,1.735826289909259967e-01
3.500000000000000000e+01,9.990000000000000000e+02,1.540523835114469442e+00,1.587094248546745689e-01,2.906807743242893483e-01,4.133978931760691131e-03,7.021593353112494384e-02,2.929572211266605677e-02,2.565885961931609408e-03,0.000000000000000000e+00,1.116988673532022004e-02,0.000000000000000000e+00,7.650352292274119857e-03,6.928713856522508707e-03,2.430628135560795877e-03,0.000000000000000000e+00,0.000000000000000000e+00,3.888288596481629528e-02,4.197836660960458932e-01,1.964897492103720167e-01,3.557056403000907752e-01,8.850880668418175182e-03,4.712308291143594285e-01,4.106133688767712314e-02,2.733119900689775505e+00,2.894109699958656190e+00,2.453468205941694291e-01,1.998210748038859341e+00,1.578764230840798755e+00,1.213070118944328118e-01,3.451978959992640927e-02,3.254149298909794208e-01
3.600000000000000000e+01,9.990000000000000000e+02,1.082675061629499602e+01,1.036911360515287095e+00,1.759243293327679591e+00,3.046817940882854195e-02,7.678537882740821274e-01,5.487716517176195463e-01,7.992734771416963591e-02,1.628847896020812203e-01,2.530993380242548274e-01,1.279441357044188224e-02,1.223846768070920021e-01,2.710710823924648571e-01,2.289209771309985708e-02,7.468356687326500876e-02,1.262050612127209870e-01,7.085217261716845183e-01,2.950225736220580153e+00,1.850437444020008204e+00,3.900770808649926202e+00,1.045167601054911438e-01,1.291908769943835900e+01,3.866941435053087850e-01,2.573757517459141653e+01,2.529266108821060755e+01,6.508585149086404398e-01,9.962305604356116007e+00,1.077389407566888302e+01,1.142405840170872100e+00,3.250892806983360916e-01,1.117470090946555805e+00
3.700000000000000000e+01,9.990000000000000000e+02,7.156705389342463697e+00,6.957480674655754926e-01,1.654244085765539385e+00,8.123729795313908153e-02,2.022498153613851990e+00,1.100420561857018642e+00,1.316299498470915597e-01,1.795705485369285814e-01,1.829913981819117907e-01,2.818479511169805912e-02,1.252352190310626334e-01,4.003014939792617910e-01,7.616834692185167101e-03,1.734330940249043662e-01,1.075486608595361236e-02,4.690209236620000999e-01,1.950160041038426995e+00,9.128188834676019825e-01,2.512250781976509195e+00,5.140168529778253725e-02,8.934610149825305214e+00,1.907558223374126172e-01,1.269706672310735485e+01,1.344496593621569680e+01,1.139790812177767565e+00,9.282949931423246426e+00,7.334356159779826356e+00,5.635476232183115330e-01,1.603662070249008142e-01,3.089261100168461116e+00
3.800000000000000000e+01,9.990000000000000000e+02,5.047832954865373312e-01,9.344482166227756348e-02,6.181122265902845581e-02,7.672597814525419953e-03,5.099964111588336374e-02,5.832987527789759014e-02,0.000000000000000000e+00,1.430207908701200924e-02,2.662538798152676300e-02,0.000000000000000000e+00,1.676789543512135616e-03,3.300047428235148433e-02,3.379482969228914092e-04,0.000000000000000000e+00,0.000000000000000000e+00,1.050504484809436888e-02,1.375504731139956249e-01,6.438377704708792004e-02,2.550632237141040037e-01,2.761004810280890624e-03,3.810343032291890752e-01,1.345456427144759923e-02,8.955611325075721885e-01,9.483126444039284841e-01,8.039276888401182541e-02,6.547535218088497144e-01,5.173135222415239376e-01,3.974865681006900520e-02,1.131109610677200235e-02,3.054713147017841024e+00
3.900000000000000000e+01,9.990000000000000000e+02,8.600011700881749377e+00,8.819690829213430172e-01,1.655537631750078731e+00,4.682381005061196644e-02,8.756379059388108566e-01,6.008238722570886647e-01,1.994976335401826284e-01,5.757381392471612180e-01,3.819468654680513997e-01,2.036907725671073532e-01,1.232440314481419719e-01,1.624387472848441094e+00,4.236831802499449462e-02,2.372700309135499647e-02,2.304614161275773954e-02,5.746757232847969910e-01,2.343452504905110700e+00,1.096908794135571963e+00,4.413811902281301158e+00,5.311507480770862044e-02,1.478192207078106080e+01,2.292259098098479997e-01,1.525770818346233959e+01,1.615643764540026339e+01,1.369654580986868098e+00,1.115506000118780960e+01,8.813489638188926278e+00,6.771993382456200639e-01,1.927075633005600197e-01,2.406360557432389413e+00
4.000000000000000000e+01,9.990000000000000000e+02,2.811829912636119477e+00,3.021708727016301776e-01,5.750585072544903698e-01,8.750115649680083318e-03,9.541653846322377397e-02,4.891339317025492767e-02,1.004972001756546975e-02,3.098783802185935132e-02,1.433169032092058148e-01,3.569455959869655831e-02,1.660021648077014342e-02,1.273299643575793449e-01,1.254828022497535972e-02,5.084357805290356386e-02,8.779482519145804815e-04,7.580163071860988866e-02,7.662070798646274383e-01,3.586414839956304501e-01,1.022771529347196395e+00,2.793314441039496804e-02,1.972174649660643375e+00,7.494690616391552762e-02,4.988607197375513280e+00,5.282452656235216537e+00,4.478174977835325810e-01,3.647219617779666301e+00,2.881627916486118490e+00,2.214147401568288265e-01,6.300699460957441544e-02,1.216833370874413456e+00
4.100000000000000000e+01,9.990000000000000000e+02,2.871656080990079296e+00,2.929894705033994629e-01,4.534856613327319375e-01,9.090141705832001373e-02,2.448913666620579077e-01,1.783900221503414985e-01,1.881649705416513566e-02,8.899071431918582908e-02,6.130723507975590486e-02,1.297983985407147323e-03,4.286293270602896388e-02,1.088204001980120766e-01,6.460011675795270317e-03,1.407802183420396314e-01,3.292305944679677771e-02,1.091387062052443790e-01,7.825093581596194170e-01,3.662721538678779809e-01,1.100999683012088948e+00,1.192519098908554828e-02,2.505990823266753598e+00,7.654152118867967036e-02,5.094747776043076826e+00,5.394845265942348256e+00,4.573455296512673462e-01,3.724820035179233546e+00,2.942939148751780198e+00,2.261256920750592259e-01,6.434756896296961459e-02,1.793446992672830920e+00
4.200000000000000000e+01,9.990000000000000000e+02,7.087615094172497798e+00,1.017537460317244014e+00,1.492227818218504254e+00,8.374032576476296563e-02,8.429236641799913166e-01,1.008348292360068177e+00,1.487358562599689349e-01,4.211167731175757822e-01,2.716806709831772748e-01,2.067503062469956340e-02,1.886388236451152500e-01,4.272838853690908989e-01,1.436020301693886198e-02,1.321933029375492730e-01,4.946799425412704565e-01,5.530435074131710982e-01,1.931333342783575935e+00,1.211368842219283870e+00,4.066517550752307031e+00,4.197314759458928290e-02,1.847261665036813483e+01,2.531451351813104322e-01,1.684882498542840423e+01,1.655756679485952176e+01,4.260774814092646023e-01,6.521715524501169980e+00,7.053013132010041986e+00,7.478636170190761101e-01,2.128161786014880763e-01,9.897509431519903034e-01
4.400000000000000000e+01,9.990000000000000000e+02,5.859839251087498591e-01,7.968087236333126766e-02,1.093291662252258434e-01,1.916053115430665270e-03,6.802168560827728805e-02,4.132789369465389440e-02,1.411237279062385087e-02,1.589119898556889867e-03,1.984655055692654407e-02,0.000000000000000000e+00,2.965821505087090290e-02,9.442847170174959934e-03,0.000000000000000000e+00,1.198778584758459498e-01,0.000000000000000000e+00,1.066324264699122087e-01,1.596771661356499450e-01,1.001525420732478633e-01,3.319211768541383001e-01,5.120586935379097850e-03,1.033762631369625984e+00,2.092932220002960073e-02,1.393013089346442746e+00,1.368932687763976030e+00,3.522687838423053247e-02,5.391969528130887701e-01,5.831231329614601222e-01,6.183124392677400577e-02,1.759503838831200095e-02,4.503460452119073879e-03
4.500000000000000000e+01,9.990000000000000000e+02,3.469917764529679260e+00,3.282636675811492211e-01,7.507218774341788414e-01,2.992313147664913894e-02,1.327187531516338947e-01,9.050285581234335242e-02,6.671303501022184113e-02,9.852543371052718824e-02,1.305654944763804948e-01,1.900619407203323064e-02,6.141241703113196893e-02,4.130899201258719233e-01,9.657522485142627441e-03,2.237117434327756393e-01,6.847996364933728319e-02,2.399629533828663008e-01,9.455321411095402029e-01,4.425788525903524562e-01,1.332753657335104869e+00,2.886327014435484048e-02,4.422943110140558076e+00,9.248767143632127818e-02,6.156153562718717609e+00,6.518771363013670772e+00,5.526258483286147216e-01,4.500824209174907331e+00,3.556051471408401277e+00,2.732352112573632197e-01,7.775331249692161995e-02,1.096528111724063725e+00
4.600000000000000000e+01,9.990000000000000000e+02,6.102269172103917949e-01,1.044037955116755706e-01,9.041776326576668465e-02,6.079380782001015705e-03,1.449533476305420454e-01,1.569413684607109949e-02,4.276476603219349013e-04,4.767359695670670035e-03,3.283983912466439253e-02,3.708525672591849571e-04,5.554365362883949796e-03,5.830017802131082227e-02,1.819721598815569126e-04,1.129857290064523569e-03,0.000000000000000000e+00,6.200820465749105198e-02,1.662832386089191372e-01,7.783283269692406470e-02,3.370772493494147426e-01,3.328871047856392634e-03,8.345939762517600169e-01,1.626507325259442943e-02,1.082633902409153803e+00,1.146404619012749038e+00,9.718592505089429512e-02,7.915242574755870786e-01,6.253745691097533088e-01,4.805170956595007647e-02,1.367385840463104102e-02,2.615845974822017972e+00
4.700000000000000000e+01,9.990000000000000000e+02,4.756180384139819139e+00,4.603421336619146764e-01,1.172984705730077071e+00,4.819481523386322935e-02,5.901197065234222716e-01,4.512064343245441589e-01,1.158925159472443678e-01,8.104511482640139319e-02,1.344169656938340729e-01,1.242356100318269679e-01,4.453972224954111381e-02,7.506370628903441533e-01,2.898556546684799475e-03,3.204275274622988556e-01,1.777845210127025621e-02,4.266363560811524125e-01,1.296031124451869854e+00,6.066382548436728417e-01,2.154367077258291019e+00,3.114452589185642481e-02,8.366187962206108608e+00,1.267718944687507288e-01,8.438176004071346270e+00,8.935212471717013827e+00,7.574785334849114538e-01,6.169233183265604659e+00,4.874242965120135551e+00,3.745206774993168342e-01,1.065756610949184224e-01,1.249171872572023778e+00
4.800000000000000000e+01,9.990000000000000000e+02,1.406361420260999751e+01,1.893358428445100605e+00,3.582549861837001082e+00,9.599971156239810177e-02,1.101711934353417632e+00,8.647469402185175014e-01,5.602184350217347120e-02,2.577552475459275461e-01,4.364318487938637081e-01,2.419813001366181993e-02,1.187795792885409096e-01,5.159714227325790104e-01,1.173460471007639755e-01,3.969188659996670809e-01,4.389741259572902538e-02,9.153342419205475755e-01,3.832251987255599346e+00,2.403661009757949163e+00,6.702213103714036890e+00,1.759602072708090770e-01,1.408096621247345226e+01,5.023037328007103897e-01,3.343428228028268734e+01,3.540367205774666814e+01,3.001330038336441852e+00,2.444413148086372445e+01,1.931303816368355797e+01,1.483949854242576194e+00,4.222809213194880784e-01,5.514210809807885028e+00
4.900000000000000000e+01,9.990000000000000000e+02,2.078959350300109588e+00,2.099002268089309731e-01,4.004684708917565228e-01,7.827726841376480768e-03,2.161001742198447872e-01,5.880069938327973089e-01,1.860267322400416604e-02,2.780959822474557072e-02,3.793171975192585754e-02,3.615812530777053752e-03,4.757890329715685346e-02,8.647034892940090589e-02,1.521807177066620241e-02,9.038858320516188552e-03,8.779482519145804815e-04,1.844959610842563658e-01,5.665041707509745894e-01,2.651657780605990999e-01,9.149929817039990088e-01,1.215037932467583418e-02,2.652882308279745249e+00,5.541287211055456047e-02,3.688385108697852299e+00,3.905643187322846543e+00,3.310991074037820669e-01,2.696614504634966103e+00,2.130565321231757459e+00,1.637055791585064202e-01,4.658495878048320854e-02,1.488718029408791499e-01
5.000000000000000000e+01,9.990000000000000000e+02,3.493580353505499336e-01,6.847727856193777662e-02,7.274144135373869502e-02,6.150656280824476525e-03,9.628093916010314890e-02,1.438629210889851018e-02,2.565885961931609408e-03,1.589119898556889867e-03,1.946202363988609046e-02,1.854262836295924785e-04,1.257592157634101863e-02,1.237270331521876307e-02,4.575300019879145232e-03,2.259714580129047138e-03,0.000000000000000000e+00,3.300823736533205210e-02,9.519800571515893428e-02,5.970999175033634560e-02,2.623260785192783606e-01,1.928787048316792140e-03,3.777209614619787548e-01,1.247786256877955226e-02,8.305500280736890506e-01,8.794721709583099845e-01,7.455684936502429694e-02,6.072232661516145935e-01,4.797603924788058083e-01,3.686319876015288488e-02,1.048999431531744131e-02,3.351595223184614114e-02
5.100000000000000000e+01,9.990000000000000000e+02,4.475801027973498769e+00,6.989118188447172031e-01,1.207767123795433051e+00,6.061352273475081182e-02,6.087375676869781760e-01,1.815288495195557517e-01,5.495272435136863004e-02,9.931999365980562211e-02,9.722949158779294054e-02,3.986665098036238329e-03,7.252114775689987025e-02,1.730792721359322439e-01,6.719971904197493719e-03,2.526925829229306864e+00,2.809434406126657541e-02,2.280625683984345287e-01,1.219629402293250120e+00,7.649746546928075652e-01,1.944734317189203310e+00,4.532160023684482508e-02,7.266526644577520955e+00,1.598601562326070480e-01,1.063996664434139916e+01,1.045603824368294354e+01,2.690662520395513124e-01,4.118437677677116326e+00,4.453950025096105492e+00,4.722729298025976630e-01,1.343925789278688221e-01,7.322803946907344708e-01
5.300000000000000000e+01,9.990000000000000000e+02,5.040354683821128390e+00,5.099184439330008978e-01,8.154175890309909303e-01,5.297446633143644557e-02,3.277408488398814157e-01,1.849292458362044589e-01,2.347785655167422894e-02,9.328133804528943029e-02,7.980173937999182621e-02,6.489919927035737481e-03,4.401572551719356435e-02,6.105186723861546344e-02,1.540654293625781379e-01,6.423238694016816241e-01,1.316922377871871047e-03,1.459774633079103379e-01,1.373466946353082196e+00,6.428839367368481827e-01,1.970205790529923728e+00,1.891582018958397338e-02,3.782731850898471748e+00,1.343463158363804588e-01,8.942343752742274887e+00,9.469077367825892821e+00,8.027366848566513946e-01,6.537835165913551627e+00,5.165471318382030219e+00,3.968976991109112173e-01,1.129433892735456219e-01,6.346303171229279450e+00
5.400000000000000000e+01,9.990000000000000000e+02,1.383480143185324529e+00,1.481255349316696612e-01,2.564018586263729915e-01,2.701341405409141139e-02,5.119911819977860518e-02,6.539223685862958699e-03,7.483834055633860338e-03,4.687903700742825780e-02,1.569738108111909045e-02,0.000000000000000000e+00,4.569251506070570040e-02,5.325211506870156097e-02,7.629832703605278661e-03,1.129857290064523569e-03,7.682047204252581002e-03,1.016465295496237764e-01,3.769901855716916717e-01,1.764592407957224218e-01,3.952196889620478992e-01,5.737407158952488248e-03,9.052786006189138535e-01,3.687547244767119814e-02,2.454500881687419422e+00,2.599079099477433985e+00,2.203357369413657396e-01,1.794509652364995045e+00,1.417822246143435772e+00,1.089407631090780065e-01,3.100078192226400284e-02,8.347547541449255870e-02
5.500000000000000000e+01,9.990000000000000000e+02,4.255136224175404713e+00,4.989920860772023015e-01,8.590702196972803684e-01,7.958957612739675502e-02,7.179845173002719072e-01,1.007302016570330139e+00,1.776876028637639493e-01,3.575519771753002396e-01,3.245593241232884729e-01,6.536276497943135921e-02,6.306824670535020327e-02,4.179400198254377141e-01,1.403785233372010144e-03,2.768150360658082620e-01,8.121021330209870701e-03,2.656478769116248917e-01,1.159499543731311144e+00,5.427313946636003195e-01,2.724655624032305656e+00,2.205866609064839265e-02,1.620665903068151081e+01,1.134169936363508963e-01,7.549248657730496248e+00,7.993924365419782241e+00,6.776812665926330581e-01,5.519329687544229479e+00,4.360761394895217080e+00,3.350664551841371908e-01,9.534835088523362090e-02,2.046749864547424913e+00
5.600000000000000000e+01,9.990000000000000000e+02,4.217744868954179105e-01,5.686598484055181008e-02,9.821252239472393064e-02,2.620422750862506575e-03,2.466866604171150806e-02,3.923534211517774872e-03,0.000000000000000000e+00,2.780959822474557072e-02,8.819310903734233625e-03,0.000000000000000000e+00,0.000000000000000000e+00,4.553154820000505226e-03,2.079681827217793287e-04,1.129857290064523569e-03,0.000000000000000000e+00,2.348081936435306855e-02,1.149310619796941185e-01,5.379622259934456474e-02,1.295433513559770544e-01,2.251883355902854159e-03,1.406329505638166388e-01,1.124203592458732776e-02,7.482910796063269032e-01,7.923678984352824362e-01,6.717262466752987882e-02,5.470829426669499007e-01,4.322441874729177069e-01,3.321221102352432675e-02,9.451049191436161623e-03,1.273269656412843454e-01
7.200000000000000000e+01,9.990000000000000000e+02,2.781916828459139346e+00,1.178089688810284724e-01,3.965747387834182569e-01,3.261902240273648751e-03,9.741130930217618833e-02,9.154913160208143219e-02,3.848828942897414111e-03,6.912671558722470466e-02,8.310743045712989593e-03,1.854262836295924785e-04,2.274145818388334170e-02,8.512419880870510450e-03,1.949701713016681152e-03,4.519429160258094276e-03,4.389741259572902407e-04,3.756931098296490967e-01,7.580559407171314490e-01,3.548261490595067680e-01,4.830946879406836092e-01,9.428537703193252614e-03,1.345216757487397885e+00,7.414959865153343543e-02,4.935536908041730619e+00,5.226256351381651122e+00,4.430534818496651983e-01,3.608419409079882456e+00,2.850972300353287192e+00,2.190592641977136268e-01,6.233670743287681587e-02,2.733304106941984116e-03
7.800000000000000000e+01,9.990000000000000000e+02,7.926967306899697363e-02,6.653662694277355516e-03,1.287207218842381130e-02,4.192676401380011285e-05,6.649236129841377225e-04,0.000000000000000000e+00,0.000000000000000000e+00,0.000000000000000000e+00,1.240409409807909113e-04,0.000000000000000000e+00,0.000000000000000000e+00,0.000000000000000000e+00,0.000000000000000000e+00,6.779143740387140113e-03,0.000000000000000000e+00,7.998765112762209421e-04,2.160051874086449386e-02,1.011063758072787942e-02,1.645032653254856550e-02,7.245189927687443326e-04,7.362981704911866071e-03,2.112864907812511683e-03,1.406362667345224249e-01,1.489202078619502323e-01,1.262464222474852377e-02,1.028205530544267499e-01,8.123738275200224901e-02,6.242011291655280222e-03,1.776261018248640128e-03,9.273519103715419454e-07
