# fipstate,fipscty,ActiveIngred.Use.kg
1.00E+00,1.00E+00,38847
1.00E+00,3.00E+00,329782.7
1.00E+00,5.00E+00,50999.4
1.00E+00,7.00E+00,3858.3
1.00E+00,9.00E+00,33028.7
1.00E+00,1.10E+01,16311.5
1.00E+00,1.30E+01,28145.7
1.00E+00,1.50E+01,26947.2
1.00E+00,1.70E+01,10498.4
1.00E+00,1.90E+01,75528.8
1.00E+00,2.10E+01,34319.6
1.00E+00,2.30E+01,13764.6
1.00E+00,2.50E+01,3934
1.00E+00,2.70E+01,6220.9
1.00E+00,2.90E+01,5028.2
1.00E+00,3.10E+01,116297.1
1.00E+00,3.30E+01,142629.4
1.00E+00,3.50E+01,59193
1.00E+00,3.70E+01,2090.1
1.00E+00,3.90E+01,98160.6
1.00E+00,4.10E+01,25235.6
1.00E+00,4.30E+01,37020.8
1.00E+00,4.50E+01,86305.3
1.00E+00,4.70E+01,82012.9
1.00E+00,4.90E+01,81888.6
1.00E+00,5.10E+01,41481.5
1.00E+00,5.30E+01,280146.8
1.00E+00,5.50E+01,24727.2
1.00E+00,5.70E+01,53552.4
1.00E+00,5.90E+01,31298.7
1.00E+00,6.10E+01,172764.9
1.00E+00,6.30E+01,10554.5
1.00E+00,6.50E+01,17977.5
1.00E+00,6.70E+01,139584.2
1.00E+00,6.90E+01,200186.9
1.00E+00,7.10E+01,142873
1.00E+00,7.30E+01,4171.3
1.00E+00,7.50E+01,17314.7
1.00E+00,7.70E+01,181613.5
1.00E+00,7.90E+01,207118.2
1.00E+00,8.10E+01,28375.8
1.00E+00,8.30E+01,279199.6
1.00E+00,8.50E+01,20865.1
1.00E+00,8.70E+01,20438.7
1.00E+00,8.90E+01,254193.1
1.00E+00,9.10E+01,24269.9
1.00E+00,9.30E+01,16649.3
1.00E+00,9.50E+01,42427.4
1.00E+00,9.70E+01,146756.6
1.00E+00,9.90E+01,190926.9
1.00E+00,1.01E+02,41350.6
1.00E+00,1.03E+02,57712.6
1.00E+00,1.05E+02,39556.8
1.00E+00,1.07E+02,40096.3
1.00E+00,1.09E+02,49709.9
1.00E+00,1.11E+02,15606.7
1.00E+00,1.13E+02,36276.7
1.00E+00,1.15E+02,4867.2
1.00E+00,1.17E+02,48937.1
1.00E+00,1.19E+02,9853.7
1.00E+00,1.21E+02,101539.7
1.00E+00,1.23E+02,20317.2
1.00E+00,1.25E+02,41537.9
1.00E+00,1.27E+02,11526.5
1.00E+00,1.29E+02,31665.1
1.00E+00,1.31E+02,31128.6
1.00E+00,1.33E+02,6496.2
2.00E+00,1.30E+01,0
2.00E+00,1.60E+01,0
2.00E+00,2.00E+01,0
2.00E+00,5.00E+01,0
2.00E+00,6.00E+01,0
2.00E+00,6.80E+01,0
2.00E+00,7.00E+01,0
2.00E+00,9.00E+01,0
2.00E+00,1.00E+02,0
2.00E+00,1.05E+02,0
2.00E+00,1.10E+02,0
2.00E+00,1.22E+02,0
2.00E+00,1.30E+02,0
2.00E+00,1.50E+02,0
2.00E+00,1.64E+02,0
2.00E+00,1.70E+02,0
2.00E+00,1.80E+02,0
2.00E+00,1.85E+02,0
2.00E+00,1.88E+02,0
2.00E+00,1.95E+02,0
2.00E+00,1.98E+02,0
2.00E+00,2.20E+02,0
2.00E+00,2.30E+02,0
2.00E+00,2.40E+02,0
2.00E+00,2.61E+02,0
2.00E+00,1.58E+02,0
2.00E+00,2.75E+02,0
2.00E+00,2.82E+02,0
2.00E+00,2.90E+02,0
4.00E+00,1.00E+00,60367.1
4.00E+00,3.00E+00,98321.2
4.00E+00,5.00E+00,16746.1
4.00E+00,7.00E+00,1448
4.00E+00,9.00E+00,72614.8
4.00E+00,1.10E+01,3969.1
4.00E+00,1.20E+01,84162.8
4.00E+00,1.30E+01,417339
4.00E+00,1.50E+01,82004.3
4.00E+00,1.70E+01,28206.6
4.00E+00,1.90E+01,38857.7
4.00E+00,2.10E+01,429166.7
4.00E+00,2.30E+01,7123.7
4.00E+00,2.50E+01,13998.8
4.00E+00,2.70E+01,798558.6
5.00E+00,1.00E+00,828925.3
5.00E+00,3.00E+00,445876.2
5.00E+00,5.00E+00,3126.9
5.00E+00,7.00E+00,9037.1
5.00E+00,9.00E+00,5786.5
5.00E+00,1.10E+01,2759.5
5.00E+00,1.30E+01,2142.1
5.00E+00,1.50E+01,5711.4
5.00E+00,1.70E+01,806803.2
5.00E+00,1.90E+01,32046.2
5.00E+00,2.10E+01,667791.3
5.00E+00,2.30E+01,8489.5
5.00E+00,2.50E+01,3935
5.00E+00,2.70E+01,6851.7
5.00E+00,2.90E+01,96868.3
5.00E+00,3.10E+01,807478.2
5.00E+00,3.30E+01,54983.3
5.00E+00,3.50E+01,813226.5
5.00E+00,3.70E+01,716233.1
5.00E+00,3.90E+01,2565.4
5.00E+00,4.10E+01,833127.2
5.00E+00,4.30E+01,231891.7
5.00E+00,4.50E+01,77922
5.00E+00,4.70E+01,33770.1
5.00E+00,4.90E+01,7736.6
5.00E+00,5.10E+01,10571.5
5.00E+00,5.30E+01,16132.4
5.00E+00,5.50E+01,448698.2
5.00E+00,5.70E+01,22448.1
5.00E+00,5.90E+01,19519.7
5.00E+00,6.10E+01,15211.5
5.00E+00,6.30E+01,134116.6
5.00E+00,6.50E+01,5633.1
5.00E+00,6.70E+01,526744.2
5.00E+00,6.90E+01,622091.5
5.00E+00,7.10E+01,25742.6
5.00E+00,7.30E+01,96485.3
5.00E+00,7.50E+01,381954.3
5.00E+00,7.70E+01,700100.6
5.00E+00,7.90E+01,447349.7
5.00E+00,8.10E+01,56244.8
5.00E+00,8.30E+01,55297
5.00E+00,8.50E+01,730964.9
5.00E+00,8.70E+01,5339.7
5.00E+00,8.90E+01,5194.8
5.00E+00,9.10E+01,78861.7
5.00E+00,9.30E+01,1141299.6
5.00E+00,9.50E+01,535555.7
5.00E+00,9.70E+01,0
5.00E+00,9.90E+01,13081.2
5.00E+00,1.01E+02,2157.8
5.00E+00,1.03E+02,3576.5
5.00E+00,1.05E+02,22638.2
5.00E+00,1.07E+02,755259
5.00E+00,1.09E+02,7614.6
5.00E+00,1.11E+02,802987.8
5.00E+00,1.13E+02,18158.2
5.00E+00,1.15E+02,47352.2
5.00E+00,1.17E+02,508982.3
5.00E+00,1.19E+02,92784.5
5.00E+00,1.21E+02,197407.7
5.00E+00,1.23E+02,627083.2
5.00E+00,1.25E+02,10952.6
5.00E+00,1.27E+02,14751.2
5.00E+00,1.29E+02,5497
5.00E+00,1.31E+02,26305.8
5.00E+00,1.33E+02,12263.1
5.00E+00,1.35E+02,5609.9
5.00E+00,1.37E+02,3966.6
5.00E+00,1.39E+02,5825.7
5.00E+00,1.41E+02,3186.4
5.00E+00,1.43E+02,6805.3
5.00E+00,1.45E+02,135528.3
5.00E+00,1.47E+02,555340.2
5.00E+00,1.49E+02,41728.8
6.00E+00,1.00E+00,44492.5
6.00E+00,3.00E+00,11.1
6.00E+00,5.00E+00,27196.4
6.00E+00,7.00E+00,1127698.2
6.00E+00,9.00E+00,8253.9
6.00E+00,1.10E+01,1084198.5
6.00E+00,1.30E+01,117203.8
6.00E+00,1.50E+01,80699.6
6.00E+00,1.70E+01,16120.8
6.00E+00,1.90E+01,11973791.5
6.00E+00,2.10E+01,804301.5
6.00E+00,2.30E+01,1548
6.00E+00,2.50E+01,1716276.9
6.00E+00,2.70E+01,1466
6.00E+00,2.90E+01,8856247.4
6.00E+00,3.10E+01,2336003.6
6.00E+00,3.30E+01,211896.7
6.00E+00,3.50E+01,24880
6.00E+00,3.70E+01,286351.2
6.00E+00,3.90E+01,3293002.4
6.00E+00,4.10E+01,4652.2
6.00E+00,4.30E+01,193.5
6.00E+00,4.50E+01,286403.5
6.00E+00,4.70E+01,3531750.3
6.00E+00,4.90E+01,35317.3
6.00E+00,5.10E+01,1371.8
6.00E+00,5.30E+01,3276545.2
6.00E+00,5.50E+01,450651.5
6.00E+00,5.70E+01,3254.3
6.00E+00,5.90E+01,79003.2
6.00E+00,6.10E+01,86751.6
6.00E+00,6.30E+01,539.3
6.00E+00,6.50E+01,715242.4
6.00E+00,6.70E+01,1391763.9
6.00E+00,6.90E+01,224847.3
6.00E+00,7.10E+01,17929.3
6.00E+00,7.30E+01,128745.4
6.00E+00,7.50E+01,0
6.00E+00,7.70E+01,4115964.8
6.00E+00,7.90E+01,1149837.4
6.00E+00,8.10E+01,38329.7
6.00E+00,8.30E+01,2122477.6
6.00E+00,8.50E+01,211968.8
6.00E+00,8.70E+01,585440.5
6.00E+00,8.90E+01,38361
6.00E+00,9.10E+01,241.4
6.00E+00,9.30E+01,116612.5
6.00E+00,9.50E+01,390517
6.00E+00,9.70E+01,920042.8
6.00E+00,9.90E+01,2211090.7
6.00E+00,1.01E+02,1093087.6
6.00E+00,1.03E+02,309173.9
6.00E+00,1.05E+02,20.5
6.00E+00,1.07E+02,4065664.4
6.00E+00,1.09E+02,221.7
6.00E+00,1.11E+02,1787240
6.00E+00,1.13E+02,1672561
6.00E+00,1.15E+02,381768.4
8.00E+00,1.00E+00,412534
8.00E+00,3.00E+00,978385.8
8.00E+00,5.00E+00,87144.5
8.00E+00,7.00E+00,1815.5
8.00E+00,9.00E+00,606303.6
8.00E+00,1.10E+01,102853.2
8.00E+00,1.30E+01,10420.7
8.00E+00,1.40E+01,9832.5
8.00E+00,1.50E+01,1464.9
8.00E+00,1.70E+01,444250.8
8.00E+00,1.90E+01,9.7
8.00E+00,2.10E+01,14370.5
8.00E+00,2.30E+01,192693.1
8.00E+00,2.50E+01,12166.3
8.00E+00,2.70E+01,5346.7
8.00E+00,2.90E+01,46971.8
8.00E+00,3.10E+01,2853.2
8.00E+00,3.30E+01,24519.1
8.00E+00,3.50E+01,3000.4
8.00E+00,3.70E+01,1470.4
8.00E+00,3.90E+01,81525.3
8.00E+00,4.10E+01,6045.5
8.00E+00,4.30E+01,4437.3
8.00E+00,4.50E+01,20337.3
8.00E+00,4.70E+01,10
8.00E+00,4.90E+01,705.7
8.00E+00,5.10E+01,873.2
8.00E+00,5.30E+01,106.2
8.00E+00,5.50E+01,5668
8.00E+00,5.70E+01,1290.7
8.00E+00,5.90E+01,110.5
8.00E+00,6.10E+01,517225.2
8.00E+00,6.30E+01,867909
8.00E+00,6.50E+01,24.8
8.00E+00,6.70E+01,12753.2
8.00E+00,6.90E+01,64269.6
8.00E+00,7.10E+01,26383.4
8.00E+00,7.30E+01,358152
8.00E+00,7.50E+01,332367.1
8.00E+00,7.70E+01,46384.3
8.00E+00,7.90E+01,6.5
8.00E+00,8.10E+01,26040.6
8.00E+00,8.30E+01,47505.7
8.00E+00,8.50E+01,58658.5
8.00E+00,8.70E+01,201736.1
8.00E+00,8.90E+01,89885.7
8.00E+00,9.10E+01,735.6
8.00E+00,9.30E+01,518
8.00E+00,9.50E+01,407332.8
8.00E+00,9.70E+01,628.8
8.00E+00,9.90E+01,397331
8.00E+00,1.01E+02,35550.6
8.00E+00,1.03E+02,2600.4
8.00E+00,1.05E+02,834093.5
8.00E+00,1.07E+02,8881.1
8.00E+00,1.09E+02,821700.6
8.00E+00,1.11E+02,0
8.00E+00,1.13E+02,4552
8.00E+00,1.15E+02,214910
8.00E+00,1.17E+02,56.1
8.00E+00,1.19E+02,152.1
8.00E+00,1.21E+02,665433.1
8.00E+00,1.23E+02,460509.9
8.00E+00,1.25E+02,702779.4
9.00E+00,1.00E+00,3094
9.00E+00,3.00E+00,30022
9.00E+00,5.00E+00,17356.5
9.00E+00,7.00E+00,5341.5
9.00E+00,9.00E+00,13330.2
9.00E+00,1.10E+01,13810.1
9.00E+00,1.30E+01,15529.1
9.00E+00,1.50E+01,15173.8
1.00E+01,1.00E+00,280061.9
1.00E+01,3.00E+00,85396.8
1.00E+01,5.00E+00,467665.6
1.10E+01,1.00E+00,0
1.20E+01,1.00E+00,182325.7
1.20E+01,3.00E+00,6649.7
1.20E+01,5.00E+00,1146.3
1.20E+01,7.00E+00,6265.7
1.20E+01,9.00E+00,125810.8
1.20E+01,1.10E+01,3295.1
1.20E+01,1.30E+01,68811.8
1.20E+01,1.50E+01,442659.8
1.20E+01,1.70E+01,5348.1
1.20E+01,1.90E+01,6613.5
1.20E+01,2.10E+01,1026316.3
1.20E+01,2.30E+01,67520.6
1.20E+01,2.70E+01,1092495.6
1.20E+01,2.90E+01,21114
1.20E+01,3.10E+01,4605.3
1.20E+01,3.30E+01,144007.4
1.20E+01,3.50E+01,110388.5
1.20E+01,3.70E+01,33.2
1.20E+01,3.90E+01,42277.5
1.20E+01,4.10E+01,181078.6
1.20E+01,4.30E+01,270074.7
1.20E+01,4.50E+01,107.9
1.20E+01,4.70E+01,108806.9
1.20E+01,4.90E+01,993899.3
1.20E+01,5.10E+01,2474964.4
1.20E+01,5.30E+01,22872.6
1.20E+01,5.50E+01,1065613.3
1.20E+01,5.70E+01,1219032.3
1.20E+01,5.90E+01,100919.8
1.20E+01,6.10E+01,1008628
1.20E+01,6.30E+01,476095.9
1.20E+01,6.50E+01,41850.7
1.20E+01,6.70E+01,38165.1
1.20E+01,6.90E+01,253032.2
1.20E+01,7.10E+01,263784.3
1.20E+01,7.30E+01,6015.1
1.20E+01,7.50E+01,272312.7
1.20E+01,7.70E+01,451.2
1.20E+01,7.90E+01,137445.2
1.20E+01,8.10E+01,1036437.2
1.20E+01,8.30E+01,186995.6
1.20E+01,8.50E+01,626232.8
1.20E+01,8.60E+01,452802.8
1.20E+01,8.70E+01,10.2
1.20E+01,8.90E+01,4953.3
1.20E+01,9.10E+01,55107.7
1.20E+01,9.30E+01,218853.2
1.20E+01,9.50E+01,149420.9
1.20E+01,9.70E+01,204001
1.20E+01,9.90E+01,1370076.2
1.20E+01,1.01E+02,135651.3
1.20E+01,1.03E+02,157.5
1.20E+01,1.05E+02,1543969.6
1.20E+01,1.07E+02,348594.8
1.20E+01,1.09E+02,1269615.5
1.20E+01,1.11E+02,1098480.3
1.20E+01,1.13E+02,262060.8
1.20E+01,1.15E+02,20566.2
1.20E+01,1.17E+02,20430.6
1.20E+01,1.19E+02,36738.8
1.20E+01,1.21E+02,518972.1
1.20E+01,1.23E+02,4315.5
1.20E+01,1.25E+02,17603.9
1.20E+01,1.27E+02,35032.7
1.20E+01,1.29E+02,3018.2
1.20E+01,1.31E+02,61448.8
1.20E+01,1.33E+02,44844.2
1.30E+01,1.00E+00,243695.3
1.30E+01,3.00E+00,214024.3
1.30E+01,5.00E+00,93831.6
1.30E+01,7.00E+00,223213.7
1.30E+01,9.00E+00,2420.4
1.30E+01,1.10E+01,3569
1.30E+01,1.30E+01,5541.2
1.30E+01,1.50E+01,26467.8
1.30E+01,1.70E+01,121692
1.30E+01,1.90E+01,460847.5
1.30E+01,2.10E+01,7048.1
1.30E+01,2.30E+01,158828.8
1.30E+01,2.50E+01,11820.6
1.30E+01,2.70E+01,556535.3
1.30E+01,2.90E+01,8216.2
1.30E+01,3.10E+01,326095.3
1.30E+01,3.30E+01,287042
1.30E+01,3.50E+01,3132.4
1.30E+01,3.70E+01,270767.3
1.30E+01,3.90E+01,929.8
1.30E+01,4.30E+01,68259.6
1.30E+01,4.50E+01,7129
1.30E+01,4.70E+01,3564.3
1.30E+01,4.90E+01,2752.6
1.30E+01,5.10E+01,367.9
1.30E+01,5.30E+01,636.1
1.30E+01,5.50E+01,13872.4
1.30E+01,5.70E+01,1330.8
1.30E+01,5.90E+01,726.2
1.30E+01,6.10E+01,99851
1.30E+01,6.30E+01,30.2
1.30E+01,6.50E+01,3099.9
1.30E+01,6.70E+01,530.8
1.30E+01,6.90E+01,668069.3
1.30E+01,7.10E+01,1246032.4
1.30E+01,7.30E+01,859.7
1.30E+01,7.50E+01,320816.8
1.30E+01,7.70E+01,4675.2
1.30E+01,7.90E+01,106288.3
1.30E+01,8.10E+01,371808.9
1.30E+01,8.30E+01,2302.6
1.30E+01,8.50E+01,1436.2
1.30E+01,8.70E+01,641329
1.30E+01,8.90E+01,19.3
1.30E+01,9.10E+01,190767.6
1.30E+01,9.30E+01,492851.2
1.30E+01,9.50E+01,53917.7
1.30E+01,9.70E+01,1973.2
1.30E+01,9.90E+01,472727.7
1.30E+01,1.01E+02,20975.1
1.30E+01,1.03E+02,51765.4
1.30E+01,1.05E+02,15968.5
1.30E+01,1.07E+02,156420.6
1.30E+01,1.09E+02,23993.7
1.30E+01,1.11E+02,7650.3
1.30E+01,1.13E+02,555.7
1.30E+01,1.15E+02,20625.1
1.30E+01,1.17E+02,1181.2
1.30E+01,1.19E+02,7649.2
1.30E+01,1.21E+02,3478.9
1.30E+01,1.23E+02,38856.6
1.30E+01,1.25E+02,14052.3
1.30E+01,1.27E+02,592.9
1.30E+01,1.29E+02,25717.1
1.30E+01,1.31E+02,300565.8
1.30E+01,1.33E+02,6478.7
1.30E+01,1.35E+02,172098.4
1.30E+01,1.37E+02,5046.1
1.30E+01,1.39E+02,9849.1
1.30E+01,1.41E+02,5847.1
1.30E+01,1.43E+02,1757.7
1.30E+01,1.45E+02,4707
1.30E+01,1.47E+02,16636.1
1.30E+01,1.49E+02,2193.8
1.30E+01,1.51E+02,3631.8
1.30E+01,1.53E+02,132209.2
1.30E+01,1.55E+02,356679
1.30E+01,1.57E+02,7892.3
1.30E+01,1.59E+02,5629.9
1.30E+01,1.61E+02,183136.1
1.30E+01,1.63E+02,154452.7
1.30E+01,1.65E+02,135462.1
1.30E+01,1.67E+02,45245.4
1.30E+01,1.69E+02,3152.2
1.30E+01,1.71E+02,8866.1
1.30E+01,1.73E+02,150966.8
1.30E+01,1.75E+02,172622.4
1.30E+01,1.77E+02,253835.1
1.30E+01,1.79E+02,647.2
1.30E+01,1.81E+02,858.1
1.30E+01,1.83E+02,5154.8
1.30E+01,1.85E+02,160787
1.30E+01,1.87E+02,6715.2
1.30E+01,1.89E+02,2300.7
1.30E+01,1.91E+02,1893
1.30E+01,1.93E+02,153278.8
1.30E+01,1.95E+02,8114.9
1.30E+01,1.97E+02,24613.4
1.30E+01,1.99E+02,4664.4
1.30E+01,2.01E+02,461840.9
1.30E+01,2.05E+02,759350.6
1.30E+01,2.07E+02,4305.6
1.30E+01,2.09E+02,85914.2
1.30E+01,2.11E+02,16788.3
1.30E+01,2.13E+02,19744.1
1.30E+01,2.15E+02,212
1.30E+01,2.17E+02,8903.4
1.30E+01,2.19E+02,95012.5
1.30E+01,2.21E+02,7987.9
1.30E+01,2.23E+02,1424.1
1.30E+01,2.25E+02,35483
1.30E+01,2.27E+02,2282.8
1.30E+01,2.29E+02,176279.8
1.30E+01,2.31E+02,4756.3
1.30E+01,2.33E+02,14441.4
1.30E+01,2.35E+02,181773.8
1.30E+01,2.37E+02,5783.9
1.30E+01,2.39E+02,7902.1
1.30E+01,2.41E+02,1876.6
1.30E+01,2.43E+02,202796
1.30E+01,2.45E+02,3705.8
1.30E+01,2.47E+02,1237.4
1.30E+01,2.49E+02,10659
1.30E+01,2.51E+02,203931.2
1.30E+01,2.53E+02,346176.7
1.30E+01,2.55E+02,2240
1.30E+01,2.57E+02,1589.7
1.30E+01,2.59E+02,48738.5
1.30E+01,2.61E+02,316913.2
1.30E+01,2.63E+02,2289.2
1.30E+01,2.65E+02,1870.5
1.30E+01,2.67E+02,163002.3
1.30E+01,2.69E+02,23890.1
1.30E+01,2.71E+02,69655.4
1.30E+01,2.73E+02,297861.2
1.30E+01,2.75E+02,319098.5
1.30E+01,2.77E+02,451114.9
1.30E+01,2.79E+02,128107.3
1.30E+01,2.81E+02,853.1
1.30E+01,2.83E+02,29199.1
1.30E+01,2.85E+02,1726.3
1.30E+01,2.87E+02,216442.1
1.30E+01,2.89E+02,49216
1.30E+01,2.91E+02,3684.6
1.30E+01,2.93E+02,8075.1
1.30E+01,2.95E+02,19015.3
1.30E+01,2.97E+02,7366.8
1.30E+01,2.99E+02,50763.7
1.30E+01,3.01E+02,17768.5
1.30E+01,3.03E+02,95376.5
1.30E+01,3.05E+02,93497
1.30E+01,3.07E+02,99427.3
1.30E+01,3.09E+02,36476.5
1.30E+01,3.11E+02,3752.9
1.30E+01,3.13E+02,7118.7
1.30E+01,3.15E+02,254418.2
1.30E+01,3.17E+02,5870.1
1.30E+01,3.19E+02,6775.4
1.30E+01,3.21E+02,531990
1.50E+01,1.00E+00,0
1.50E+01,3.00E+00,0
1.50E+01,5.00E+00,0
1.50E+01,7.00E+00,0
1.50E+01,9.00E+00,0
1.60E+01,1.00E+00,70087.9
1.60E+01,3.00E+00,2535.9
1.60E+01,5.00E+00,212573.6
1.60E+01,7.00E+00,45862.6
1.60E+01,9.00E+00,53893.8
1.60E+01,1.10E+01,2861096.2
1.60E+01,1.30E+01,79287.9
1.60E+01,1.50E+01,2110.2
1.60E+01,1.70E+01,3172.4
1.60E+01,1.90E+01,1037668.5
1.60E+01,2.10E+01,13159.8
1.60E+01,2.30E+01,39438.5
1.60E+01,2.50E+01,20326.8
1.60E+01,2.70E+01,959698.1
1.60E+01,2.90E+01,342255.1
1.60E+01,3.10E+01,939557
1.60E+01,3.30E+01,143034.2
1.60E+01,3.50E+01,95178.7
1.60E+01,3.70E+01,77721.9
1.60E+01,3.90E+01,487224.1
1.60E+01,4.10E+01,325435.3
1.60E+01,4.30E+01,1085027.7
1.60E+01,4.50E+01,282720.3
1.60E+01,4.70E+01,328928.5
1.60E+01,4.90E+01,81505.1
1.60E+01,5.10E+01,976647
1.60E+01,5.30E+01,372961.6
1.60E+01,5.50E+01,231073.8
1.60E+01,5.70E+01,196083.2
1.60E+01,5.90E+01,7775.5
1.60E+01,6.10E+01,75492.4
1.60E+01,6.30E+01,53384.5
1.60E+01,6.50E+01,1296049.1
1.60E+01,6.70E+01,981949.3
1.60E+01,6.90E+01,180301
1.60E+01,7.10E+01,441091.5
1.60E+01,7.30E+01,138953.6
1.60E+01,7.50E+01,243553.5
1.60E+01,7.70E+01,713597.6
1.60E+01,7.90E+01,67.6
1.60E+01,8.10E+01,217236.4
1.60E+01,8.30E+01,336173.3
1.60E+01,8.50E+01,10253.2
1.60E+01,8.70E+01,88187.2
1.70E+01,1.00E+00,423701
1.70E+01,3.00E+00,93187.2
1.70E+01,5.00E+00,261897.9
1.70E+01,7.00E+00,137765.3
1.70E+01,9.00E+00,106734.6
1.70E+01,1.10E+01,609494.5
1.70E+01,1.30E+01,66621.7
1.70E+01,1.50E+01,305466.1
1.70E+01,1.70E+01,265349
1.70E+01,1.90E+01,611720.5
1.70E+01,2.10E+01,626269.9
1.70E+01,2.30E+01,326399.7
1.70E+01,2.50E+01,309206.3
1.70E+01,2.70E+01,531904.7
1.70E+01,2.90E+01,387929.9
1.70E+01,3.10E+01,8261.8
1.70E+01,3.30E+01,298777.8
1.70E+01,3.50E+01,232591
1.70E+01,3.70E+01,431632.5
1.70E+01,3.90E+01,333411.7
1.70E+01,4.10E+01,383044
1.70E+01,4.30E+01,4850.5
1.70E+01,4.50E+01,550230.5
1.70E+01,4.70E+01,88883.8
1.70E+01,4.90E+01,323805.8
1.70E+01,5.10E+01,434965
1.70E+01,5.30E+01,310515.3
1.70E+01,5.50E+01,118402.3
1.70E+01,5.70E+01,347250.5
1.70E+01,5.90E+01,153965.2
1.70E+01,6.10E+01,355618.9
1.70E+01,6.30E+01,247137.1
1.70E+01,6.50E+01,176452.6
1.70E+01,6.70E+01,460332.7
1.70E+01,6.90E+01,10289.1
1.70E+01,7.10E+01,233029.6
1.70E+01,7.30E+01,588326.6
1.70E+01,7.50E+01,711022.5
1.70E+01,7.70E+01,307289.5
1.70E+01,7.90E+01,366958
1.70E+01,8.10E+01,149532.2
1.70E+01,8.30E+01,200826.4
1.70E+01,8.50E+01,218255.4
1.70E+01,8.70E+01,69439.6
1.70E+01,8.90E+01,165944.4
1.70E+01,9.10E+01,379337.6
1.70E+01,9.30E+01,173207.6
1.70E+01,9.50E+01,409927.5
1.70E+01,9.70E+01,21955.1
1.70E+01,9.90E+01,664010.7
1.70E+01,1.01E+02,271692.7
1.70E+01,1.03E+02,551044
1.70E+01,1.05E+02,668541.9
1.70E+01,1.07E+02,578360.9
1.70E+01,1.09E+02,391507.9
1.70E+01,1.11E+02,197737.9
1.70E+01,1.13E+02,1030961.5
1.70E+01,1.15E+02,473148.2
1.70E+01,1.17E+02,587799.5
1.70E+01,1.19E+02,383131.2
1.70E+01,1.21E+02,302294.3
1.70E+01,1.23E+02,304663.9
1.70E+01,1.25E+02,391800.5
1.70E+01,1.27E+02,60778.9
1.70E+01,1.29E+02,245432.5
1.70E+01,1.31E+02,356003.8
1.70E+01,1.33E+02,339188.1
1.70E+01,1.35E+02,529981.6
1.70E+01,1.37E+02,433780.5
1.70E+01,1.39E+02,285691.3
1.70E+01,1.41E+02,496320
1.70E+01,1.43E+02,333407.3
1.70E+01,1.45E+02,356121.5
1.70E+01,1.47E+02,306892.2
1.70E+01,1.49E+02,478330.7
1.70E+01,1.51E+02,23462.5
1.70E+01,1.53E+02,141003.6
1.70E+01,1.55E+02,90019.6
1.70E+01,1.57E+02,451635.3
1.70E+01,1.59E+02,280090.6
1.70E+01,1.61E+02,158025.1
1.70E+01,1.63E+02,513978.2
1.70E+01,1.65E+02,99966.4
1.70E+01,1.67E+02,635757.1
1.70E+01,1.69E+02,185711.1
1.70E+01,1.71E+02,161830.9
1.70E+01,1.73E+02,584563.6
1.70E+01,1.75E+02,285413.4
1.70E+01,1.77E+02,400290.1
1.70E+01,1.79E+02,482745.3
1.70E+01,1.81E+02,111621.7
1.70E+01,1.83E+02,496284.8
1.70E+01,1.85E+02,99862.4
1.70E+01,1.87E+02,401077.7
1.70E+01,1.89E+02,659661.8
1.70E+01,1.91E+02,283250.5
1.70E+01,1.93E+02,213199.5
1.70E+01,1.95E+02,500832.8
1.70E+01,1.97E+02,244621.4
1.70E+01,1.99E+02,121418.1
1.70E+01,2.01E+02,189553.5
1.70E+01,2.03E+02,422428.2
1.80E+01,1.00E+00,181808
1.80E+01,3.00E+00,226964.2
1.80E+01,5.00E+00,184850.5
1.80E+01,7.00E+00,327072.6
1.80E+01,9.00E+00,95341.1
1.80E+01,1.10E+01,271667.1
1.80E+01,1.30E+01,7984.4
1.80E+01,1.50E+01,237478.1
1.80E+01,1.70E+01,241938.4
1.80E+01,1.90E+01,85874.7
1.80E+01,2.10E+01,198208.9
1.80E+01,2.30E+01,288594.9
1.80E+01,2.50E+01,8346
1.80E+01,2.70E+01,202506
1.80E+01,2.90E+01,33093.9
1.80E+01,3.10E+01,212827.9
1.80E+01,3.30E+01,150569.1
1.80E+01,3.50E+01,202186
1.80E+01,3.70E+01,141894.9
1.80E+01,3.90E+01,144300.7
1.80E+01,4.10E+01,91048.7
1.80E+01,4.30E+01,10478.7
1.80E+01,4.50E+01,290077.1
1.80E+01,4.70E+01,150675.1
1.80E+01,4.90E+01,223739.5
1.80E+01,5.10E+01,269646.8
1.80E+01,5.30E+01,224391.2
1.80E+01,5.50E+01,131985.9
1.80E+01,5.70E+01,143445.3
1.80E+01,5.90E+01,192025.6
1.80E+01,6.10E+01,100123.5
1.80E+01,6.30E+01,171360.1
1.80E+01,6.50E+01,207991.3
1.80E+01,6.70E+01,181689.3
1.80E+01,6.90E+01,196135.5
1.80E+01,7.10E+01,236945.2
1.80E+01,7.30E+01,375310.1
1.80E+01,7.50E+01,222764.3
1.80E+01,7.70E+01,88264.5
1.80E+01,7.90E+01,146639.3
1.80E+01,8.10E+01,118700.2
1.80E+01,8.30E+01,330938.4
1.80E+01,8.50E+01,266354.7
1.80E+01,8.70E+01,110616
1.80E+01,8.90E+01,149612.8
1.80E+01,9.10E+01,302340.6
1.80E+01,9.30E+01,85068.9
1.80E+01,9.50E+01,241759.3
1.80E+01,9.70E+01,19605.8
1.80E+01,9.90E+01,217320.4
1.80E+01,1.01E+02,39204.8
1.80E+01,1.03E+02,188931.4
1.80E+01,1.05E+02,25268.1
1.80E+01,1.07E+02,359125.3
1.80E+01,1.09E+02,113445.5
1.80E+01,1.11E+02,268835.5
1.80E+01,1.13E+02,155412.7
1.80E+01,1.15E+02,12140.4
1.80E+01,1.17E+02,88184.6
1.80E+01,1.19E+02,73297.4
1.80E+01,1.21E+02,189592.7
1.80E+01,1.23E+02,45916.1
1.80E+01,1.25E+02,96194.9
1.80E+01,1.27E+02,166370.9
1.80E+01,1.29E+02,231191.8
1.80E+01,1.31E+02,254431.1
1.80E+01,1.33E+02,222717.7
1.80E+01,1.35E+02,275741.3
1.80E+01,1.37E+02,185753.2
1.80E+01,1.39E+02,287237.9
1.80E+01,1.41E+02,151014.5
1.80E+01,1.43E+02,59988.3
1.80E+01,1.45E+02,254155.4
1.80E+01,1.47E+02,164067.5
1.80E+01,1.49E+02,139527.1
1.80E+01,1.51E+02,99075.3
1.80E+01,1.53E+02,190724.8
1.80E+01,1.55E+02,30381.1
1.80E+01,1.57E+02,297546.3
1.80E+01,1.59E+02,201335.1
1.80E+01,1.61E+02,83078.4
1.80E+01,1.63E+02,81518.8
1.80E+01,1.65E+02,115054.9
1.80E+01,1.67E+02,160260
1.80E+01,1.69E+02,213803.2
1.80E+01,1.71E+02,253608.4
1.80E+01,1.73E+02,107087.4
1.80E+01,1.75E+02,167585.8
1.80E+01,1.77E+02,176507.2
1.80E+01,1.79E+02,229337.3
1.80E+01,1.81E+02,363634
1.80E+01,1.83E+02,156263.6
1.90E+01,1.00E+00,247229.2
1.90E+01,3.00E+00,161697.1
1.90E+01,5.00E+00,189257.2
1.90E+01,7.00E+00,134422.1
1.90E+01,9.00E+00,285384.9
1.90E+01,1.10E+01,528710
1.90E+01,1.30E+01,340584.4
1.90E+01,1.50E+01,384842.1
1.90E+01,1.70E+01,282301.4
1.90E+01,1.90E+01,398591.8
1.90E+01,2.10E+01,397204.2
1.90E+01,2.30E+01,363124.2
1.90E+01,2.50E+01,436663
1.90E+01,2.70E+01,426360.1
1.90E+01,2.90E+01,285776.3
1.90E+01,3.10E+01,410973.1
1.90E+01,3.30E+01,372726.8
1.90E+01,3.50E+01,358016.9
1.90E+01,3.70E+01,340876.1
1.90E+01,3.90E+01,136614.5
1.90E+01,4.10E+01,364938.5
1.90E+01,4.30E+01,313907.4
1.90E+01,4.50E+01,489724.7
1.90E+01,4.70E+01,502594.5
1.90E+01,4.90E+01,342438.2
1.90E+01,5.10E+01,170791.6
1.90E+01,5.30E+01,142493.8
1.90E+01,5.50E+01,395508
1.90E+01,5.70E+01,239317.8
1.90E+01,5.90E+01,224802.3
1.90E+01,6.10E+01,296451.5
1.90E+01,6.30E+01,273149.2
1.90E+01,6.50E+01,445826.3
1.90E+01,6.70E+01,331741.8
1.90E+01,6.90E+01,428108.3
1.90E+01,7.10E+01,258270
1.90E+01,7.30E+01,418117.8
1.90E+01,7.50E+01,413978.6
1.90E+01,7.70E+01,278283.4
1.90E+01,7.90E+01,448713.1
1.90E+01,8.10E+01,406352.3
1.90E+01,8.30E+01,424537.1
1.90E+01,8.50E+01,428841.9
1.90E+01,8.70E+01,274043.2
1.90E+01,8.90E+01,303885.5
1.90E+01,9.10E+01,316377.2
1.90E+01,9.30E+01,313377.5
1.90E+01,9.50E+01,344266
1.90E+01,9.70E+01,285089.9
1.90E+01,9.90E+01,451784.2
1.90E+01,1.01E+02,244891.5
1.90E+01,1.03E+02,304202.4
1.90E+01,1.05E+02,360799.8
1.90E+01,1.07E+02,390377
1.90E+01,1.09E+02,707226.9
1.90E+01,1.11E+02,261158
1.90E+01,1.13E+02,396232.8
1.90E+01,1.15E+02,277434.7
1.90E+01,1.17E+02,122609
1.90E+01,1.19E+02,403174
1.90E+01,1.21E+02,253156.8
1.90E+01,1.23E+02,433859.5
1.90E+01,1.25E+02,269802.4
1.90E+01,1.27E+02,404571
1.90E+01,1.29E+02,214718.7
1.90E+01,1.31E+02,333619.5
1.90E+01,1.33E+02,436825
1.90E+01,1.35E+02,107022.9
1.90E+01,1.37E+02,214185.5
1.90E+01,1.39E+02,239115.6
1.90E+01,1.41E+02,399974.4
1.90E+01,1.43E+02,294606.9
1.90E+01,1.45E+02,253241.4
1.90E+01,1.47E+02,367506.6
1.90E+01,1.49E+02,544258.2
1.90E+01,1.51E+02,418423
1.90E+01,1.53E+02,213292.7
1.90E+01,1.55E+02,495803.3
1.90E+01,1.57E+02,380089.9
1.90E+01,1.59E+02,210229.9
1.90E+01,1.61E+02,415595.5
1.90E+01,1.63E+02,273825.1
1.90E+01,1.65E+02,444208.3
1.90E+01,1.67E+02,534661.8
1.90E+01,1.69E+02,404532.3
1.90E+01,1.71E+02,442611.1
1.90E+01,1.73E+02,187021.7
1.90E+01,1.75E+02,183601.7
1.90E+01,1.77E+02,162747.4
1.90E+01,1.79E+02,192603.1
1.90E+01,1.81E+02,229922.8
1.90E+01,1.83E+02,389724.9
1.90E+01,1.85E+02,235787.7
1.90E+01,1.87E+02,519859.4
1.90E+01,1.89E+02,290414.7
1.90E+01,1.91E+02,357463.9
1.90E+01,1.93E+02,513188.6
1.90E+01,1.95E+02,260636.8
1.90E+01,1.97E+02,420222.7
2.00E+01,1.00E+00,207604.6
2.00E+01,3.00E+00,299864
2.00E+01,5.00E+00,339707.6
2.00E+01,7.00E+00,71540.7
2.00E+01,9.00E+00,465595.2
2.00E+01,1.10E+01,94157.6
2.00E+01,1.30E+01,589846.9
2.00E+01,1.50E+01,337548.3
2.00E+01,1.70E+01,79654.6
2.00E+01,1.90E+01,22535.2
2.00E+01,2.10E+01,314469.7
2.00E+01,2.30E+01,393027.5
2.00E+01,2.50E+01,133613.5
2.00E+01,2.70E+01,390090.5
2.00E+01,2.90E+01,397566.9
2.00E+01,3.10E+01,272341.6
2.00E+01,3.30E+01,58260.7
2.00E+01,3.50E+01,303857.5
2.00E+01,3.70E+01,221561.5
2.00E+01,3.90E+01,357296.5
2.00E+01,4.10E+01,395173.3
2.00E+01,4.30E+01,394338.4
2.00E+01,4.50E+01,160362.3
2.00E+01,4.70E+01,308329.3
2.00E+01,4.90E+01,35706.3
2.00E+01,5.10E+01,301735.8
2.00E+01,5.30E+01,212511.9
2.00E+01,5.50E+01,812479.1
2.00E+01,5.70E+01,615464.1
2.00E+01,5.90E+01,265494
2.00E+01,6.10E+01,74458
2.00E+01,6.30E+01,338124
2.00E+01,6.50E+01,253439.2
2.00E+01,6.70E+01,348987.1
2.00E+01,6.90E+01,803201.1
2.00E+01,7.10E+01,477619.2
2.00E+01,7.30E+01,80137.1
2.00E+01,7.50E+01,402371.7
2.00E+01,7.70E+01,117034.4
2.00E+01,7.90E+01,316257
2.00E+01,8.10E+01,713533.5
2.00E+01,8.30E+01,314954.7
2.00E+01,8.50E+01,226096.7
2.00E+01,8.70E+01,240793.7
2.00E+01,8.90E+01,537345.3
2.00E+01,9.10E+01,80346
2.00E+01,9.30E+01,538268.4
2.00E+01,9.50E+01,111412.6
2.00E+01,9.70E+01,189314.8
2.00E+01,9.90E+01,234757.7
2.00E+01,1.01E+02,305223.6
2.00E+01,1.03E+02,126306.9
2.00E+01,1.05E+02,233156.9
2.00E+01,1.07E+02,178539.4
2.00E+01,1.09E+02,262124.9
2.00E+01,1.11E+02,265232.2
2.00E+01,1.13E+02,413680
2.00E+01,1.15E+02,477891.8
2.00E+01,1.17E+02,699001.8
2.00E+01,1.19E+02,573462.4
2.00E+01,1.21E+02,173188.3
2.00E+01,1.23E+02,408915
2.00E+01,1.25E+02,204307.8
2.00E+01,1.27E+02,199967.4
2.00E+01,1.29E+02,391567.9
2.00E+01,1.31E+02,601842.4
2.00E+01,1.33E+02,203927.9
2.00E+01,1.35E+02,342369.9
2.00E+01,1.37E+02,273511.7
2.00E+01,1.39E+02,277979.2
2.00E+01,1.41E+02,405707.7
2.00E+01,1.43E+02,277504.5
2.00E+01,1.45E+02,360637.8
2.00E+01,1.47E+02,433079.6
2.00E+01,1.49E+02,223749.1
2.00E+01,1.51E+02,307260.4
2.00E+01,1.53E+02,447992.7
2.00E+01,1.55E+02,341906.5
2.00E+01,1.57E+02,515771.8
2.00E+01,1.59E+02,460243.8
2.00E+01,1.61E+02,128201.5
2.00E+01,1.63E+02,327496.6
2.00E+01,1.65E+02,335911
2.00E+01,1.67E+02,235260.7
2.00E+01,1.69E+02,226090.3
2.00E+01,1.71E+02,466132.7
2.00E+01,1.73E+02,341365.6
2.00E+01,1.75E+02,521341.3
2.00E+01,1.77E+02,184363.4
2.00E+01,1.79E+02,521662.5
2.00E+01,1.81E+02,555502.5
2.00E+01,1.83E+02,465432.8
2.00E+01,1.85E+02,281891.9
2.00E+01,1.87E+02,566908
2.00E+01,1.89E+02,664435.2
2.00E+01,1.91E+02,482584.3
2.00E+01,1.93E+02,628480.3
2.00E+01,1.95E+02,256708.8
2.00E+01,1.97E+02,165243.1
2.00E+01,1.99E+02,357221.1
2.00E+01,2.01E+02,536970.1
2.00E+01,2.03E+02,336881
2.00E+01,2.05E+02,228010.3
2.00E+01,2.07E+02,116432
2.00E+01,2.09E+02,10597.3
2.10E+01,1.00E+00,40499.1
2.10E+01,3.00E+00,53644.1
2.10E+01,5.00E+00,4007.7
2.10E+01,7.00E+00,139842.1
2.10E+01,9.00E+00,122759.9
2.10E+01,1.10E+01,17740.1
2.10E+01,1.30E+01,655.5
2.10E+01,1.50E+01,10492.2
2.10E+01,1.70E+01,42141.6
2.10E+01,1.90E+01,1630.9
2.10E+01,2.10E+01,15712.6
2.10E+01,2.30E+01,12938.3
2.10E+01,2.50E+01,1984.1
2.10E+01,2.70E+01,109051
2.10E+01,2.90E+01,10679
2.10E+01,3.10E+01,61119.7
2.10E+01,3.30E+01,121142
2.10E+01,3.50E+01,174871
2.10E+01,3.70E+01,3154.3
2.10E+01,3.90E+01,107178.6
2.10E+01,4.10E+01,9565.4
2.10E+01,4.30E+01,6166.5
2.10E+01,4.50E+01,30737.2
2.10E+01,4.70E+01,344128.1
2.10E+01,4.90E+01,21757.5
2.10E+01,5.10E+01,5892.7
2.10E+01,5.30E+01,9762.3
2.10E+01,5.50E+01,69048.2
2.10E+01,5.70E+01,11167.9
2.10E+01,5.90E+01,237505.5
2.10E+01,6.10E+01,24073.5
2.10E+01,6.30E+01,2687
2.10E+01,6.50E+01,5429.2
2.10E+01,6.70E+01,24347.5
2.10E+01,6.90E+01,37630.6
2.10E+01,7.10E+01,524.8
2.10E+01,7.30E+01,10610.1
2.10E+01,7.50E+01,136155.1
2.10E+01,7.70E+01,9363.4
2.10E+01,7.90E+01,17255.3
2.10E+01,8.10E+01,9705.7
2.10E+01,8.30E+01,326483.8
2.10E+01,8.50E+01,53584.6
2.10E+01,8.70E+01,56514
2.10E+01,8.90E+01,9013.5
2.10E+01,9.10E+01,40661.4
2.10E+01,9.30E+01,106916.9
2.10E+01,9.50E+01,1112.5
2.10E+01,9.70E+01,31039
2.10E+01,9.90E+01,49746.4
2.10E+01,1.01E+02,257462.9
2.10E+01,1.03E+02,45209.7
2.10E+01,1.05E+02,175326.3
2.10E+01,1.07E+02,113044.6
2.10E+01,1.09E+02,5600.5
2.10E+01,1.11E+02,4538.3
2.10E+01,1.13E+02,7917.6
2.10E+01,1.15E+02,1042.5
2.10E+01,1.17E+02,4089.5
2.10E+01,1.19E+02,199.7
2.10E+01,1.21E+02,2107.5
2.10E+01,1.23E+02,86717
2.10E+01,1.25E+02,10013.7
2.10E+01,1.27E+02,1722.7
2.10E+01,1.29E+02,620
2.10E+01,1.31E+02,31.6
2.10E+01,1.33E+02,44.5
2.10E+01,1.35E+02,24795.7
2.10E+01,1.37E+02,33927.1
2.10E+01,1.39E+02,72849.5
2.10E+01,1.41E+02,267890.4
2.10E+01,1.43E+02,26468.6
2.10E+01,1.45E+02,57156.3
2.10E+01,1.47E+02,494.3
2.10E+01,1.49E+02,156569.9
2.10E+01,1.51E+02,8468.5
2.10E+01,1.53E+02,2962.8
2.10E+01,1.55E+02,60694.6
2.10E+01,1.57E+02,68972.3
2.10E+01,1.59E+02,293.7
2.10E+01,1.61E+02,39089.9
2.10E+01,1.63E+02,61363.1
2.10E+01,1.65E+02,5694.5
2.10E+01,1.67E+02,26260.6
2.10E+01,1.69E+02,40150.3
2.10E+01,1.71E+02,62114.8
2.10E+01,1.73E+02,9894.6
2.10E+01,1.75E+02,6885.2
2.10E+01,1.77E+02,64585.4
2.10E+01,1.79E+02,80598.5
2.10E+01,1.81E+02,21724.7
2.10E+01,1.83E+02,110107.2
2.10E+01,1.85E+02,11626.7
2.10E+01,1.87E+02,18819.7
2.10E+01,1.89E+02,2466.8
2.10E+01,1.91E+02,16325.7
2.10E+01,1.93E+02,790
2.10E+01,1.95E+02,1005.8
2.10E+01,1.97E+02,7024.3
2.10E+01,1.99E+02,75777
2.10E+01,2.01E+02,3543.7
2.10E+01,2.03E+02,14288.5
2.10E+01,2.05E+02,7975.9
2.10E+01,2.07E+02,20998.9
2.10E+01,2.09E+02,17634.3
2.10E+01,2.11E+02,86268.5
2.10E+01,2.13E+02,149102.3
2.10E+01,2.15E+02,22780.4
2.10E+01,2.17E+02,53604.2
2.10E+01,2.19E+02,185064.1
2.10E+01,2.21E+02,104208.6
2.10E+01,2.23E+02,14284.6
2.10E+01,2.25E+02,224690.5
2.10E+01,2.27E+02,118121.9
2.10E+01,2.29E+02,28121
2.10E+01,2.31E+02,36950
2.10E+01,2.33E+02,145055.5
2.10E+01,2.35E+02,3180.4
2.10E+01,2.37E+02,2268.9
2.10E+01,2.39E+02,15679.4
2.20E+01,1.00E+00,158983.5
2.20E+01,3.00E+00,40905.9
2.20E+01,5.00E+00,9756.1
2.20E+01,7.00E+00,20167.7
2.20E+01,9.00E+00,366984.4
2.20E+01,1.10E+01,20753.7
2.20E+01,1.30E+01,6992.5
2.20E+01,1.50E+01,57066.9
2.20E+01,1.70E+01,181589.7
2.20E+01,1.90E+01,49022.1
2.20E+01,2.10E+01,86386.1
2.20E+01,2.30E+01,38732.8
2.20E+01,2.50E+01,458146.1
2.20E+01,2.70E+01,7583.7
2.20E+01,2.90E+01,442064.8
2.20E+01,3.10E+01,35346.6
2.20E+01,3.30E+01,10838.7
2.20E+01,3.50E+01,675253.7
2.20E+01,3.70E+01,30305.5
2.20E+01,3.90E+01,167774.6
2.20E+01,4.10E+01,493652.3
2.20E+01,4.30E+01,42237
2.20E+01,4.50E+01,42925.7
2.20E+01,4.70E+01,47633.2
2.20E+01,4.90E+01,2288.8
2.20E+01,5.10E+01,559.7
2.20E+01,5.30E+01,122681.6
2.20E+01,5.50E+01,44701.2
2.20E+01,5.70E+01,16532.2
2.20E+01,5.90E+01,2017.9
2.20E+01,6.10E+01,6997.4
2.20E+01,6.30E+01,2261.8
2.20E+01,6.50E+01,643213.5
2.20E+01,6.70E+01,661161.4
2.20E+01,6.90E+01,115260
2.20E+01,7.10E+01,126.1
2.20E+01,7.30E+01,177670
2.20E+01,7.50E+01,6525.4
2.20E+01,7.70E+01,253919.9
2.20E+01,7.90E+01,209207.4
2.20E+01,8.10E+01,68723.7
2.20E+01,8.30E+01,439611.2
2.20E+01,8.50E+01,4843.7
2.20E+01,8.70E+01,727.6
2.20E+01,8.90E+01,1169.4
2.20E+01,9.10E+01,8693.7
2.20E+01,9.30E+01,12227.8
2.20E+01,9.50E+01,776.7
2.20E+01,9.70E+01,332232
2.20E+01,9.90E+01,77991.7
2.20E+01,1.01E+02,20243.8
2.20E+01,1.03E+02,3537.8
2.20E+01,1.05E+02,28787.6
2.20E+01,1.07E+02,641936.5
2.20E+01,1.09E+02,4910.2
2.20E+01,1.11E+02,8405.7
2.20E+01,1.13E+02,90648.2
2.20E+01,1.15E+02,6090.1
2.20E+01,1.17E+02,17884.3
2.20E+01,1.19E+02,11153
2.20E+01,1.21E+02,19166.2
2.20E+01,1.23E+02,310385.3
2.20E+01,1.25E+02,43037.8
2.20E+01,1.27E+02,2624.4
2.30E+01,1.00E+00,16026.1
2.30E+01,3.00E+00,254307.1
2.30E+01,5.00E+00,3577.3
2.30E+01,7.00E+00,1308.3
2.30E+01,9.00E+00,1388.4
2.30E+01,1.10E+01,17806.3
2.30E+01,1.30E+01,734.6
2.30E+01,1.50E+01,851
2.30E+01,1.70E+01,15645.4
2.30E+01,1.90E+01,32788.1
2.30E+01,2.10E+01,5617.4
2.30E+01,2.30E+01,538.6
2.30E+01,2.50E+01,11161.8
2.30E+01,2.70E+01,6453.5
2.30E+01,2.90E+01,3575.9
2.30E+01,3.10E+01,7187
2.40E+01,1.00E+00,3692.5
2.40E+01,3.00E+00,21054.4
2.40E+01,5.00E+00,108893.6
2.40E+01,9.00E+00,15224.3
2.40E+01,1.10E+01,250420.6
2.40E+01,1.30E+01,199367
2.40E+01,1.50E+01,120794.5
2.40E+01,1.70E+01,35466
2.40E+01,1.90E+01,122909.5
2.40E+01,2.10E+01,260456.4
2.40E+01,2.30E+01,18602.2
2.40E+01,2.50E+01,104615.9
2.40E+01,2.70E+01,29747.7
2.40E+01,2.90E+01,240455.3
2.40E+01,3.10E+01,78793.6
2.40E+01,3.30E+01,10759.9
2.40E+01,3.50E+01,296484.8
2.40E+01,3.70E+01,58813.1
2.40E+01,3.90E+01,50717.1
2.40E+01,4.10E+01,202148.7
2.40E+01,4.30E+01,131327.6
2.40E+01,4.50E+01,71837.1
2.40E+01,4.70E+01,107094.1
2.40E+01,5.10E+02,0
2.50E+01,1.00E+00,962.9
2.50E+01,3.00E+00,7735.3
2.50E+01,5.00E+00,9146.7
2.50E+01,7.00E+00,309.3
2.50E+01,9.00E+00,6394.5
2.50E+01,1.10E+01,24622.7
2.50E+01,1.30E+01,9063.5
2.50E+01,1.50E+01,27213.7
2.50E+01,1.70E+01,13235.9
2.50E+01,1.90E+01,88.7
2.50E+01,2.10E+01,1841.9
2.50E+01,2.30E+01,6070.1
2.50E+01,2.50E+01,0.3
2.50E+01,2.70E+01,32062.6
2.60E+01,1.00E+00,5837.7
2.60E+01,3.00E+00,2497.1
2.60E+01,5.00E+00,197439.3
2.60E+01,7.00E+00,15348
2.60E+01,9.00E+00,34634.8
2.60E+01,1.10E+01,71183.8
2.60E+01,1.30E+01,967.8
2.60E+01,1.50E+01,110082.5
2.60E+01,1.70E+01,222502.3
2.60E+01,1.90E+01,15202.2
2.60E+01,2.10E+01,218502.3
2.60E+01,2.30E+01,233881.3
2.60E+01,2.50E+01,215038
2.60E+01,2.70E+01,179938.7
2.60E+01,2.90E+01,8245.3
2.60E+01,3.10E+01,3702.8
2.60E+01,3.30E+01,5673.3
2.60E+01,3.50E+01,14240.4
2.60E+01,3.70E+01,197173.5
2.60E+01,3.90E+01,547
2.60E+01,4.10E+01,46614
2.60E+01,4.30E+01,21879.7
2.60E+01,4.50E+01,175637.7
2.60E+01,4.70E+01,4034.9
2.60E+01,4.90E+01,133954.6
2.60E+01,5.10E+01,21957.9
2.60E+01,5.30E+01,3157.6
2.60E+01,5.50E+01,38899.7
2.60E+01,5.70E+01,219056.4
2.60E+01,5.90E+01,213174.3
2.60E+01,6.10E+01,3469.6
2.60E+01,6.30E+01,474856.7
2.60E+01,6.50E+01,151931.6
2.60E+01,6.70E+01,216609.2
2.60E+01,6.90E+01,10369.3
2.60E+01,7.10E+01,19752.3
2.60E+01,7.30E+01,103370.4
2.60E+01,7.50E+01,142134.5
2.60E+01,7.70E+01,126750.7
2.60E+01,7.90E+01,36744.8
2.60E+01,8.10E+01,249351.5
2.60E+01,8.30E+01,2.3
2.60E+01,8.50E+01,7062.3
2.60E+01,8.70E+01,129307.5
2.60E+01,8.90E+01,57336.5
2.60E+01,9.10E+01,356371.9
2.60E+01,9.30E+01,59656.7
2.60E+01,9.50E+01,403.3
2.60E+01,9.70E+01,3449.6
2.60E+01,9.90E+01,70400.6
2.60E+01,1.01E+02,12338.9
2.60E+01,1.03E+02,2389
2.60E+01,1.05E+02,218545.4
2.60E+01,1.07E+02,46373.9
2.60E+01,1.09E+02,76149.2
2.60E+01,1.11E+02,57887.4
2.60E+01,1.13E+02,40331.9
2.60E+01,1.15E+02,231364.1
2.60E+01,1.17E+02,225748.5
2.60E+01,1.19E+02,6567.5
2.60E+01,1.21E+02,87337.8
2.60E+01,1.23E+02,100468.4
2.60E+01,1.25E+02,14723.5
2.60E+01,1.27E+02,760600.6
2.60E+01,1.29E+02,22361.7
2.60E+01,1.31E+02,1784.4
2.60E+01,1.33E+02,21002.8
2.60E+01,1.35E+02,3349.5
2.60E+01,1.37E+02,8419.6
2.60E+01,1.39E+02,160794.6
2.60E+01,1.41E+02,81497.4
2.60E+01,1.43E+02,688.5
2.60E+01,1.45E+02,312418.4
2.60E+01,1.47E+02,120432.5
2.60E+01,1.49E+02,251716.3
2.60E+01,1.51E+02,376493.5
2.60E+01,1.53E+02,680.1
2.60E+01,1.55E+02,193019.9
2.60E+01,1.57E+02,320017.5
2.60E+01,1.59E+02,156348.9
2.60E+01,1.61E+02,139018.8
2.60E+01,1.63E+02,10491.7
2.60E+01,1.65E+02,9849.9
2.70E+01,1.00E+00,10703.8
2.70E+01,3.00E+00,13706.9
2.70E+01,5.00E+00,170040
2.70E+01,7.00E+00,36009.2
2.70E+01,9.00E+00,100084.3
2.70E+01,1.10E+01,208185.4
2.70E+01,1.30E+01,464102.1
2.70E+01,1.50E+01,353561.8
2.70E+01,1.70E+01,2074.8
2.70E+01,1.90E+01,104443
2.70E+01,2.10E+01,21786.7
2.70E+01,2.30E+01,371536.9
2.70E+01,2.50E+01,67896.3
2.70E+01,2.70E+01,434250.1
2.70E+01,2.90E+01,31942.4
2.70E+01,3.10E+01,57.8
2.70E+01,3.30E+01,458370.2
2.70E+01,3.50E+01,14498.3
2.70E+01,3.70E+01,206384
2.70E+01,3.90E+01,264623
2.70E+01,4.10E+01,138833.7
2.70E+01,4.30E+01,499278.4
2.70E+01,4.50E+01,325266
2.70E+01,4.70E+01,450237.1
2.70E+01,4.90E+01,334306.2
2.70E+01,5.10E+01,296180.6
2.70E+01,5.30E+01,34484.3
2.70E+01,5.50E+01,106254
2.70E+01,5.70E+01,49135.5
2.70E+01,5.90E+01,79155.2
2.70E+01,6.10E+01,7443.5
2.70E+01,6.30E+01,435343.9
2.70E+01,6.50E+01,35037.3
2.70E+01,6.70E+01,411780.2
2.70E+01,6.90E+01,288148.2
2.70E+01,7.10E+01,5140
2.70E+01,7.30E+01,345074.1
2.70E+01,7.50E+01,132.2
2.70E+01,7.70E+01,47247
2.70E+01,7.90E+01,231364.4
2.70E+01,8.10E+01,259433.5
2.70E+01,8.30E+01,422446
2.70E+01,8.50E+01,213373.8
2.70E+01,8.70E+01,126817.7
2.70E+01,8.90E+01,479797.2
2.70E+01,9.10E+01,505097.6
2.70E+01,9.30E+01,217269.5
2.70E+01,9.50E+01,45016.1
2.70E+01,9.70E+01,179556.8
2.70E+01,9.90E+01,419897.3
2.70E+01,1.01E+02,424938.3
2.70E+01,1.03E+02,239962.8
2.70E+01,1.05E+02,480108.5
2.70E+01,1.07E+02,411017
2.70E+01,1.09E+02,265337.7
2.70E+01,1.11E+02,632022.6
2.70E+01,1.13E+02,174384.8
2.70E+01,1.15E+02,43032.2
2.70E+01,1.17E+02,255375.9
2.70E+01,1.19E+02,719019
2.70E+01,1.21E+02,236004.7
2.70E+01,1.23E+02,1048.1
2.70E+01,1.25E+02,138603.4
2.70E+01,1.27E+02,576004.2
2.70E+01,1.29E+02,769954.4
2.70E+01,1.31E+02,183625.7
2.70E+01,1.33E+02,307662.2
2.70E+01,1.35E+02,280477.3
2.70E+01,1.37E+02,45018.8
2.70E+01,1.39E+02,65859.5
2.70E+01,1.41E+02,317072.5
2.70E+01,1.43E+02,318220.6
2.70E+01,1.45E+02,385327.3
2.70E+01,1.47E+02,263969.7
2.70E+01,1.49E+02,295293.8
2.70E+01,1.51E+02,345469.3
2.70E+01,1.53E+02,180991.1
2.70E+01,1.55E+02,318668
2.70E+01,1.57E+02,179122.7
2.70E+01,1.59E+02,178284.9
2.70E+01,1.61E+02,236889
2.70E+01,1.63E+02,41892.3
2.70E+01,1.65E+02,273368.1
2.70E+01,1.67E+02,533149.5
2.70E+01,1.69E+02,143705.6
2.70E+01,1.71E+02,152905.6
2.70E+01,1.73E+02,371169.7
2.80E+01,1.00E+00,37937.9
2.80E+01,3.00E+00,54622.1
2.80E+01,5.00E+00,16079.5
2.80E+01,7.00E+00,44176.5
2.80E+01,9.00E+00,46056.8
2.80E+01,1.10E+01,638327.2
2.80E+01,1.30E+01,98486.8
2.80E+01,1.50E+01,100468.2
2.80E+01,1.70E+01,88463.7
2.80E+01,1.90E+01,5021
2.80E+01,2.10E+01,18981.1
2.80E+01,2.30E+01,4099.6
2.80E+01,2.50E+01,36952.6
2.80E+01,2.70E+01,668773.5
2.80E+01,2.90E+01,9132.2
2.80E+01,3.10E+01,27120
2.80E+01,3.30E+01,126235.6
2.80E+01,3.50E+01,5521.5
2.80E+01,3.70E+01,8901.5
2.80E+01,3.90E+01,41513.7
2.80E+01,4.10E+01,40428.8
2.80E+01,4.30E+01,49796.6
2.80E+01,4.50E+01,2733.6
2.80E+01,4.70E+01,3268.9
2.80E+01,4.90E+01,74922
2.80E+01,5.10E+01,317379.5
2.80E+01,5.30E+01,329601.1
2.80E+01,5.50E+01,216808.8
2.80E+01,5.70E+01,36905.4
2.80E+01,5.90E+01,5881.1
2.80E+01,6.10E+01,5334.4
2.80E+01,6.30E+01,27802.1
2.80E+01,6.50E+01,3104.3
2.80E+01,6.70E+01,11819.6
2.80E+01,6.90E+01,6596.6
2.80E+01,7.10E+01,38407.5
2.80E+01,7.30E+01,6015.1
2.80E+01,7.50E+01,3167.6
2.80E+01,7.70E+01,9749.7
2.80E+01,7.90E+01,10619.9
2.80E+01,8.10E+01,131295.8
2.80E+01,8.30E+01,563520.2
2.80E+01,8.50E+01,10705.2
2.80E+01,8.70E+01,93809.1
2.80E+01,8.90E+01,129512.3
2.80E+01,9.10E+01,12534.7
2.80E+01,9.30E+01,82562.2
2.80E+01,9.50E+01,117523.7
2.80E+01,9.70E+01,60026.2
2.80E+01,9.90E+01,6381.6
2.80E+01,1.01E+02,15623.6
2.80E+01,1.03E+02,179345
2.80E+01,1.05E+02,13833.3
2.80E+01,1.07E+02,183382.7
2.80E+01,1.09E+02,13955.2
2.80E+01,1.11E+02,4501
2.80E+01,1.13E+02,14018.9
2.80E+01,1.15E+02,83626.4
2.80E+01,1.17E+02,54803.6
2.80E+01,1.19E+02,318294.3
2.80E+01,1.21E+02,54641.4
2.80E+01,1.23E+02,27713.6
2.80E+01,1.25E+02,298384.3
2.80E+01,1.27E+02,27376.7
2.80E+01,1.29E+02,15708
2.80E+01,1.31E+02,5085.1
2.80E+01,1.33E+02,731805.1
2.80E+01,1.35E+02,366917.6
2.80E+01,1.37E+02,87480.6
2.80E+01,1.39E+02,39139.3
2.80E+01,1.41E+02,18726.3
2.80E+01,1.43E+02,377196
2.80E+01,1.45E+02,67717.5
2.80E+01,1.47E+02,13685.2
2.80E+01,1.49E+02,63589.5
2.80E+01,1.51E+02,882718.6
2.80E+01,1.53E+02,9710.2
2.80E+01,1.55E+02,58452.8
2.80E+01,1.57E+02,7628.8
2.80E+01,1.59E+02,9199.4
2.80E+01,1.61E+02,41529.2
2.80E+01,1.63E+02,328904
2.90E+01,1.00E+00,120560
2.90E+01,3.00E+00,203680.1
2.90E+01,5.00E+00,436581.5
2.90E+01,7.00E+00,421243.8
2.90E+01,9.00E+00,33907.6
2.90E+01,1.10E+01,225038
2.90E+01,1.30E+01,292055.3
2.90E+01,1.50E+01,55206.6
2.90E+01,1.70E+01,60557.6
2.90E+01,1.90E+01,110658.4
2.90E+01,2.10E+01,173382.5
2.90E+01,2.30E+01,384037.6
2.90E+01,2.50E+01,125214.3
2.90E+01,2.70E+01,132445.3
2.90E+01,2.90E+01,2722.5
2.90E+01,3.10E+01,236030.3
2.90E+01,3.30E+01,437148
2.90E+01,3.50E+01,1676.4
2.90E+01,3.70E+01,154386.2
2.90E+01,3.90E+01,23493.3
2.90E+01,4.10E+01,417497.2
2.90E+01,4.30E+01,13014.7
2.90E+01,4.50E+01,184186.9
2.90E+01,4.70E+01,60713.8
2.90E+01,4.90E+01,166422.8
2.90E+01,5.10E+01,27204.9
2.90E+01,5.30E+01,189327.6
2.90E+01,5.50E+01,4876.1
2.90E+01,5.70E+01,98741.5
2.90E+01,5.90E+01,6039.3
2.90E+01,6.10E+01,190398.4
2.90E+01,6.30E+01,147775.5
2.90E+01,6.50E+01,6920.4
2.90E+01,6.70E+01,10191
2.90E+01,6.90E+01,750334.8
2.90E+01,7.10E+01,112402.1
2.90E+01,7.30E+01,41675.1
2.90E+01,7.50E+01,162511.2
2.90E+01,7.70E+01,22882.4
2.90E+01,7.90E+01,158794
2.90E+01,8.10E+01,231204.4
2.90E+01,8.30E+01,141627.6
2.90E+01,8.50E+01,15347.1
2.90E+01,8.70E+01,307238.4
2.90E+01,8.90E+01,119168.1
2.90E+01,9.10E+01,15580.6
2.90E+01,9.30E+01,2037
2.90E+01,9.50E+01,87321.9
2.90E+01,9.70E+01,138047.6
2.90E+01,9.90E+01,15423.3
2.90E+01,1.01E+02,179728.3
2.90E+01,1.03E+02,219052.4
2.90E+01,1.05E+02,17310.5
2.90E+01,1.07E+02,329073.9
2.90E+01,1.09E+02,59105.6
2.90E+01,1.11E+02,231192.9
2.90E+01,1.13E+02,228611.1
2.90E+01,1.15E+02,215386.7
2.90E+01,1.17E+02,295642.9
2.90E+01,1.19E+02,15137.7
2.90E+01,1.21E+02,232333.4
2.90E+01,1.23E+02,4546.5
2.90E+01,1.25E+02,12913
2.90E+01,1.27E+02,195345.5
2.90E+01,1.29E+02,101889.9
2.90E+01,1.31E+02,17290.3
2.90E+01,1.33E+02,462061.7
2.90E+01,1.35E+02,73017.3
2.90E+01,1.37E+02,241797.1
2.90E+01,1.39E+02,254179.6
2.90E+01,1.41E+02,33673.4
2.90E+01,1.43E+02,904777
2.90E+01,1.45E+02,42468.1
2.90E+01,1.47E+02,444090.3
2.90E+01,1.49E+02,8264.2
2.90E+01,1.51E+02,39526.9
2.90E+01,1.53E+02,8404.1
2.90E+01,1.55E+02,619044.3
2.90E+01,1.57E+02,144538.2
2.90E+01,1.59E+02,241100.6
2.90E+01,1.61E+02,2933.7
2.90E+01,1.63E+02,225858.7
2.90E+01,1.65E+02,151850.4
2.90E+01,1.67E+02,19307.4
2.90E+01,1.69E+02,3671.6
2.90E+01,1.71E+02,90161.5
2.90E+01,1.73E+02,210983.6
2.90E+01,1.75E+02,153481.7
2.90E+01,1.77E+02,194349.7
2.90E+01,1.79E+02,2183.5
2.90E+01,1.81E+02,25376.5
2.90E+01,1.83E+02,171845.7
2.90E+01,1.85E+02,77555.1
2.90E+01,1.86E+02,56615.7
2.90E+01,1.87E+02,10491.1
2.90E+01,1.89E+02,19080.1
2.90E+01,1.95E+02,407846.2
2.90E+01,1.97E+02,64799.1
2.90E+01,1.99E+02,161578.5
2.90E+01,2.01E+02,369486
2.90E+01,2.03E+02,3921.4
2.90E+01,2.05E+02,238229.1
2.90E+01,2.07E+02,826945.4
2.90E+01,2.09E+02,14713.2
2.90E+01,2.11E+02,105540.5
2.90E+01,2.13E+02,4373.2
2.90E+01,2.15E+02,18154.3
2.90E+01,2.17E+02,239569.4
2.90E+01,2.19E+02,82808.5
2.90E+01,2.21E+02,3176.2
2.90E+01,2.23E+02,8501.5
2.90E+01,2.25E+02,25158.6
2.90E+01,2.27E+02,68445.1
2.90E+01,2.29E+02,13694.4
2.90E+01,5.10E+02,0
3.00E+01,1.00E+00,49400.4
3.00E+01,3.00E+00,110058.7
3.00E+01,5.00E+00,293506.1
3.00E+01,7.00E+00,87480.2
3.00E+01,9.00E+00,38489.5
3.00E+01,1.10E+01,33779
3.00E+01,1.30E+01,243531.3
3.00E+01,1.50E+01,661983.1
3.00E+01,1.70E+01,34991.6
3.00E+01,1.90E+01,296336
3.00E+01,2.10E+01,171149.6
3.00E+01,2.30E+01,1477.3
3.00E+01,2.50E+01,32447.1
3.00E+01,2.70E+01,239088
3.00E+01,2.90E+01,18188.7
3.00E+01,3.10E+01,226687.3
3.00E+01,3.30E+01,112669.1
3.00E+01,3.50E+01,215104.8
3.00E+01,3.70E+01,55498.1
3.00E+01,3.90E+01,3760.4
3.00E+01,4.10E+01,580593.5
3.00E+01,4.30E+01,7016.4
3.00E+01,4.50E+01,89812
3.00E+01,4.70E+01,86886.3
3.00E+01,4.90E+01,30741.5
3.00E+01,5.10E+01,350059.1
3.00E+01,5.30E+01,913.6
3.00E+01,5.50E+01,237400.5
3.00E+01,5.70E+01,53552.5
3.00E+01,5.90E+01,21850.3
3.00E+01,6.10E+01,396.3
3.00E+01,6.30E+01,3383.6
3.00E+01,6.50E+01,37803
3.00E+01,6.70E+01,21484.8
3.00E+01,6.90E+01,64215
3.00E+01,7.10E+01,215669
3.00E+01,7.30E+01,265479.8
3.00E+01,7.50E+01,18765.1
3.00E+01,7.70E+01,7312
3.00E+01,7.90E+01,37027.3
3.00E+01,8.10E+01,10902.5
3.00E+01,8.30E+01,205964.9
3.00E+01,8.50E+01,339878.7
3.00E+01,8.70E+01,48748.6
3.00E+01,8.90E+01,4820.7
3.00E+01,9.10E+01,407346.1
3.00E+01,9.30E+01,526.4
3.00E+01,9.50E+01,59337.4
3.00E+01,9.70E+01,12175.2
3.00E+01,9.90E+01,255004.8
3.00E+01,1.01E+02,378606.7
3.00E+01,1.03E+02,21073
3.00E+01,1.05E+02,347999.6
3.00E+01,1.07E+02,36766.6
3.00E+01,1.09E+02,33145.1
3.00E+01,1.11E+02,141415.9
3.10E+01,1.00E+00,678228.1
3.10E+01,3.00E+00,496332
3.10E+01,5.00E+00,5959.7
3.10E+01,7.00E+00,105245.4
3.10E+01,9.00E+00,4205.9
3.10E+01,1.10E+01,444001.2
3.10E+01,1.30E+01,439206.3
3.10E+01,1.50E+01,81915.4
3.10E+01,1.70E+01,62979.9
3.10E+01,1.90E+01,516757.8
3.10E+01,2.10E+01,361571.2
3.10E+01,2.30E+01,410029.1
3.10E+01,2.50E+01,403449.7
3.10E+01,2.70E+01,484326.5
3.10E+01,2.90E+01,388561.7
3.10E+01,3.10E+01,67013.1
3.10E+01,3.30E+01,264178.9
3.10E+01,3.50E+01,512902.4
3.10E+01,3.70E+01,320798.9
3.10E+01,3.90E+01,443731.1
3.10E+01,4.10E+01,603819.7
3.10E+01,4.30E+01,163479.5
3.10E+01,4.50E+01,68806.7
3.10E+01,4.70E+01,492418
3.10E+01,4.90E+01,126398.2
3.10E+01,5.10E+01,319483.3
3.10E+01,5.30E+01,410371.1
3.10E+01,5.50E+01,70501.4
3.10E+01,5.70E+01,248939.6
3.10E+01,5.90E+01,603406.4
3.10E+01,6.10E+01,357451.8
3.10E+01,6.30E+01,278867.9
3.10E+01,6.50E+01,518448.2
3.10E+01,6.70E+01,682622
3.10E+01,6.90E+01,97973.2
3.10E+01,7.10E+01,17777.5
3.10E+01,7.30E+01,344316.6
3.10E+01,7.50E+01,351.2
3.10E+01,7.70E+01,199184.2
3.10E+01,7.90E+01,401103.8
3.10E+01,8.10E+01,476524.4
3.10E+01,8.30E+01,413061.6
3.10E+01,8.50E+01,210866.4
3.10E+01,8.70E+01,181235.7
3.10E+01,8.90E+01,397780.4
3.10E+01,9.10E+01,390.3
3.10E+01,9.30E+01,257748.5
3.10E+01,9.50E+01,420887.8
3.10E+01,9.70E+01,219823.7
3.10E+01,9.90E+01,620837
3.10E+01,1.01E+02,277758.1
3.10E+01,1.03E+02,32568.3
3.10E+01,1.05E+02,195430.4
3.10E+01,1.07E+02,397106.1
3.10E+01,1.09E+02,416755.2
3.10E+01,1.11E+02,495788
3.10E+01,1.13E+02,38967
3.10E+01,1.15E+02,11159.4
3.10E+01,1.17E+02,6248.1
3.10E+01,1.19E+02,377142.3
3.10E+01,1.21E+02,307056.4
3.10E+01,1.23E+02,251708.1
3.10E+01,1.25E+02,215246.6
3.10E+01,1.27E+02,318184.2
3.10E+01,1.29E+02,411687.1
3.10E+01,1.31E+02,492419.3
3.10E+01,1.33E+02,267278.3
3.10E+01,1.35E+02,561312
3.10E+01,1.37E+02,700367.5
3.10E+01,1.39E+02,360243.5
3.10E+01,1.41E+02,555227.6
3.10E+01,1.43E+02,316886.4
3.10E+01,1.45E+02,352455.7
3.10E+01,1.47E+02,406224.4
3.10E+01,1.49E+02,42469
3.10E+01,1.51E+02,492889.4
3.10E+01,1.53E+02,91736.3
3.10E+01,1.55E+02,549457
3.10E+01,1.57E+02,291249
3.10E+01,1.59E+02,421654.1
3.10E+01,1.61E+02,193953.7
3.10E+01,1.63E+02,175559.1
3.10E+01,1.65E+02,52504.2
3.10E+01,1.67E+02,264584.8
3.10E+01,1.69E+02,531080.1
3.10E+01,1.71E+02,872.1
3.10E+01,1.73E+02,254145.9
3.10E+01,1.75E+02,208120.5
3.10E+01,1.77E+02,277603.7
3.10E+01,1.79E+02,363828.8
3.10E+01,1.81E+02,375557.7
3.10E+01,1.83E+02,62339
3.10E+01,1.85E+02,536427.1
3.20E+01,1.00E+00,14450.2
3.20E+01,3.00E+00,5707.5
3.20E+01,5.00E+00,1210.1
3.20E+01,7.00E+00,10040.9
3.20E+01,9.00E+00,15525.5
3.20E+01,1.10E+01,6379.4
3.20E+01,1.30E+01,366298.1
3.20E+01,1.50E+01,7621.9
3.20E+01,1.70E+01,60143.9
3.20E+01,1.90E+01,192514.3
3.20E+01,2.10E+01,3663.7
3.20E+01,2.30E+01,69594.1
3.20E+01,2.70E+01,9275.3
3.20E+01,2.90E+01,30.2
3.20E+01,3.10E+01,2449.3
3.20E+01,3.30E+01,40673.7
3.20E+01,5.10E+02,74.1
3.30E+01,1.00E+00,1537.5
3.30E+01,3.00E+00,1556.7
3.30E+01,5.00E+00,3743.4
3.30E+01,7.00E+00,3395.3
3.30E+01,9.00E+00,6241.6
3.30E+01,1.10E+01,11686.4
3.30E+01,1.30E+01,10014
3.30E+01,1.50E+01,12256
3.30E+01,1.70E+01,2444.7
3.30E+01,1.90E+01,4354
3.40E+01,1.00E+00,6426.4
3.40E+01,3.00E+00,583.2
3.40E+01,5.00E+00,54840.5
3.40E+01,7.00E+00,2937.2
3.40E+01,9.00E+00,1644.4
3.40E+01,1.10E+01,39800.3
3.40E+01,1.30E+01,154.9
3.40E+01,1.50E+01,45482.3
3.40E+01,1.70E+01,0
3.40E+01,1.90E+01,74668.3
3.40E+01,2.10E+01,12100.3
3.40E+01,2.30E+01,13079
3.40E+01,2.50E+01,21312.7
3.40E+01,2.70E+01,23285.9
3.40E+01,2.90E+01,2828.6
3.40E+01,3.10E+01,948.5
3.40E+01,3.30E+01,77963.8
3.40E+01,3.50E+01,11752.8
3.40E+01,3.70E+01,28876.1
3.40E+01,3.90E+01,6.6
3.40E+01,4.10E+01,74834
3.50E+01,1.00E+00,4205.5
3.50E+01,3.00E+00,600.3
3.50E+01,5.00E+00,127011.9
3.50E+01,6.00E+00,3236.7
3.50E+01,7.00E+00,6501.5
3.50E+01,9.00E+00,169552.9
3.50E+01,1.10E+01,9896.5
3.50E+01,1.30E+01,253297.7
3.50E+01,1.50E+01,62671.8
3.50E+01,1.70E+01,1911.5
3.50E+01,1.90E+01,4231.7
3.50E+01,2.10E+01,1805.8
3.50E+01,2.30E+01,9028.1
3.50E+01,2.50E+01,127538.4
3.50E+01,2.70E+01,4229.8
3.50E+01,2.80E+01,2.9
3.50E+01,2.90E+01,53810.6
3.50E+01,3.10E+01,9923.3
3.50E+01,3.30E+01,4274.4
3.50E+01,3.50E+01,7999.9
3.50E+01,3.70E+01,62501
3.50E+01,3.90E+01,24027.6
3.50E+01,4.10E+01,250966.4
3.50E+01,4.30E+01,6692.8
3.50E+01,4.50E+01,71552.7
3.50E+01,4.70E+01,9356.8
3.50E+01,4.90E+01,7844.7
3.50E+01,5.10E+01,42630.6
3.50E+01,5.30E+01,14198.5
3.50E+01,5.50E+01,7668.9
3.50E+01,5.70E+01,35507.3
3.50E+01,5.90E+01,32363.8
3.50E+01,6.10E+01,17524.5
3.60E+01,1.00E+00,10485.7
3.60E+01,3.00E+00,49189.6
3.60E+01,5.00E+00,0
3.60E+01,7.00E+00,49042.5
3.60E+01,9.00E+00,74777.1
3.60E+01,1.10E+01,184714.8
3.60E+01,1.30E+01,89370.3
3.60E+01,1.50E+01,103538.6
3.60E+01,1.70E+01,33859.6
3.60E+01,1.90E+01,89690.8
3.60E+01,2.10E+01,57628.5
3.60E+01,2.30E+01,38574.1
3.60E+01,2.50E+01,13563.7
3.60E+01,2.70E+01,25417.7
3.60E+01,2.90E+01,40684.2
3.60E+01,3.10E+01,8930.6
3.60E+01,3.30E+01,46211
3.60E+01,3.50E+01,10463.4
3.60E+01,3.70E+01,111942.7
3.60E+01,3.90E+01,7071.1
3.60E+01,4.10E+01,96.8
3.60E+01,4.30E+01,40991.6
3.60E+01,4.50E+01,58338.4
3.60E+01,4.70E+01,4.5
3.60E+01,4.90E+01,31135.5
3.60E+01,5.10E+01,92818
3.60E+01,5.30E+01,66428.3
3.60E+01,5.50E+01,86480
3.60E+01,5.70E+01,36297.1
3.60E+01,5.90E+01,466.2
3.60E+01,6.10E+01,0
3.60E+01,6.30E+01,130345.1
3.60E+01,6.50E+01,98711.9
3.60E+01,6.70E+01,105280.9
3.60E+01,6.90E+01,80898
3.60E+01,7.10E+01,47963.5
3.60E+01,7.30E+01,292741.7
3.60E+01,7.50E+01,63767.4
3.60E+01,7.70E+01,36731.7
3.60E+01,7.90E+01,525.6
3.60E+01,8.10E+01,271.8
3.60E+01,8.30E+01,31888.9
3.60E+01,8.50E+01,0
3.60E+01,8.70E+01,1490.3
3.60E+01,8.90E+01,48302
3.60E+01,9.10E+01,27223.7
3.60E+01,9.30E+01,3681.4
3.60E+01,9.50E+01,26117.2
3.60E+01,9.70E+01,53885.5
3.60E+01,9.90E+01,56054.3
3.60E+01,1.01E+02,165748.4
3.60E+01,1.03E+02,56363.7
3.60E+01,1.05E+02,3604.4
3.60E+01,1.07E+02,74829.5
3.60E+01,1.09E+02,144630.3
3.60E+01,1.11E+02,102646.1
3.60E+01,1.13E+02,330.3
3.60E+01,1.15E+02,66200
3.60E+01,1.17E+02,545616.8
3.60E+01,1.19E+02,339.2
3.60E+01,1.21E+02,98785
3.60E+01,1.23E+02,31166.2
3.70E+01,1.00E+00,31342.3
3.70E+01,3.00E+00,47578.4
3.70E+01,5.00E+00,12710.4
3.70E+01,7.00E+00,75264.1
3.70E+01,9.00E+00,12909.4
3.70E+01,1.10E+01,1598.2
3.70E+01,1.30E+01,395498.8
3.70E+01,1.50E+01,342390.5
3.70E+01,1.70E+01,154135.4
3.70E+01,1.90E+01,51653.1
3.70E+01,2.10E+01,10719.9
3.70E+01,2.30E+01,5862.2
3.70E+01,2.50E+01,35090.2
3.70E+01,2.70E+01,5753.4
3.70E+01,2.90E+01,113457.8
3.70E+01,3.10E+01,124110.4
3.70E+01,3.30E+01,41771.4
3.70E+01,3.50E+01,31423.4
3.70E+01,3.70E+01,19556
3.70E+01,3.90E+01,2799.6
3.70E+01,4.10E+01,114416.1
3.70E+01,4.30E+01,3610.6
3.70E+01,4.50E+01,76218.3
3.70E+01,4.70E+01,366103.7
3.70E+01,4.90E+01,188313.7
3.70E+01,5.10E+01,228779.6
3.70E+01,5.30E+01,66751.7
3.70E+01,5.50E+01,6159
3.70E+01,5.70E+01,50530.7
3.70E+01,5.90E+01,34906.6
3.70E+01,6.10E+01,425489.2
3.70E+01,6.30E+01,6941.4
3.70E+01,6.50E+01,398384.3
3.70E+01,6.70E+01,24493.7
3.70E+01,6.90E+01,94097.9
3.70E+01,7.10E+01,15999.4
3.70E+01,7.30E+01,145740.6
3.70E+01,7.50E+01,445.9
3.70E+01,7.70E+01,52660.6
3.70E+01,7.90E+01,449913.5
3.70E+01,8.10E+01,54899.1
3.70E+01,8.30E+01,423081
3.70E+01,8.50E+01,390584.1
3.70E+01,8.70E+01,13003.3
3.70E+01,8.90E+01,78007.2
3.70E+01,9.10E+01,215696.8
3.70E+01,9.30E+01,77144.7
3.70E+01,9.50E+01,223105.5
3.70E+01,9.70E+01,72508.5
3.70E+01,9.90E+01,769.5
3.70E+01,1.01E+02,533462.3
3.70E+01,1.03E+02,218031.6
3.70E+01,1.05E+02,106794.2
3.70E+01,1.07E+02,390699.7
3.70E+01,1.09E+02,29763.9
3.70E+01,1.11E+02,2550.3
3.70E+01,1.13E+02,1900.8
3.70E+01,1.15E+02,7535.5
3.70E+01,1.17E+02,340728
3.70E+01,1.19E+02,6986.5
3.70E+01,1.21E+02,2399.4
3.70E+01,1.23E+02,13223
3.70E+01,1.25E+02,74275.6
3.70E+01,1.27E+02,363173.8
3.70E+01,1.29E+02,1822.9
3.70E+01,1.31E+02,308244.3
3.70E+01,1.33E+02,141068.7
3.70E+01,1.35E+02,24475.1
3.70E+01,1.37E+02,98205.2
3.70E+01,1.39E+02,190561
3.70E+01,1.41E+02,94789.4
3.70E+01,1.43E+02,185498.1
3.70E+01,1.45E+02,87571.1
3.70E+01,1.47E+02,510497.2
3.70E+01,1.49E+02,1267.6
3.70E+01,1.51E+02,67313.3
3.70E+01,1.53E+02,39468
3.70E+01,1.55E+02,501417.1
3.70E+01,1.57E+02,58397.8
3.70E+01,1.59E+02,54466.3
3.70E+01,1.61E+02,9489.2
3.70E+01,1.63E+02,856267.7
3.70E+01,1.65E+02,72281.2
3.70E+01,1.67E+02,120857.6
3.70E+01,1.69E+02,33200.8
3.70E+01,1.71E+02,81259.4
3.70E+01,1.73E+02,299.7
3.70E+01,1.75E+02,4775.9
3.70E+01,1.77E+02,137965
3.70E+01,1.79E+02,275856.5
3.70E+01,1.81E+02,31912
3.70E+01,1.83E+02,174579.8
3.70E+01,1.85E+02,39709
3.70E+01,1.87E+02,214220.5
3.70E+01,1.89E+02,7308.1
3.70E+01,1.91E+02,537738.5
3.70E+01,1.93E+02,40159.9
3.70E+01,1.95E+02,487810.2
3.70E+01,1.97E+02,87632.4
3.70E+01,1.99E+02,3156.7
3.80E+01,1.00E+00,175429.5
3.80E+01,3.00E+00,701560.9
3.80E+01,5.00E+00,332010.8
3.80E+01,7.00E+00,36656.3
3.80E+01,9.00E+00,464231.3
3.80E+01,1.10E+01,121695.7
3.80E+01,1.30E+01,177883.9
3.80E+01,1.50E+01,372814.3
3.80E+01,1.70E+01,1045402.1
3.80E+01,1.90E+01,726201.9
3.80E+01,2.10E+01,485418
3.80E+01,2.30E+01,289349.2
3.80E+01,2.50E+01,131013
3.80E+01,2.70E+01,151487.5
3.80E+01,2.90E+01,427523.5
3.80E+01,3.10E+01,251036.5
3.80E+01,3.30E+01,88953.6
3.80E+01,3.50E+01,1757131.5
3.80E+01,3.70E+01,225299.9
3.80E+01,3.90E+01,209156.1
3.80E+01,4.10E+01,267152.5
3.80E+01,4.30E+01,750139.6
3.80E+01,4.50E+01,652913.2
3.80E+01,4.70E+01,208267.4
3.80E+01,4.90E+01,325311.8
3.80E+01,5.10E+01,280239.9
3.80E+01,5.30E+01,213886
3.80E+01,5.50E+01,513867.7
3.80E+01,5.70E+01,108274.6
3.80E+01,5.90E+01,239957.6
3.80E+01,6.10E+01,302301.5
3.80E+01,6.30E+01,391830
3.80E+01,6.50E+01,96994.2
3.80E+01,6.70E+01,2419391.9
3.80E+01,6.90E+01,226503.2
3.80E+01,7.10E+01,582487.4
3.80E+01,7.30E+01,372868.9
3.80E+01,7.50E+01,367723.5
3.80E+01,7.70E+01,975703.5
3.80E+01,7.90E+01,225127.7
3.80E+01,8.10E+01,451373.5
3.80E+01,8.30E+01,155362.7
3.80E+01,8.50E+01,68432.1
3.80E+01,8.70E+01,108489
3.80E+01,8.90E+01,188638.4
3.80E+01,9.10E+01,370238.8
3.80E+01,9.30E+01,746294.3
3.80E+01,9.50E+01,490982.9
3.80E+01,9.70E+01,733373.7
3.80E+01,9.90E+01,3625774.8
3.80E+01,1.01E+02,617437.4
3.80E+01,1.03E+02,421710.2
3.80E+01,1.05E+02,528368.6
3.90E+01,1.00E+00,61468.6
3.90E+01,3.00E+00,212333.4
3.90E+01,5.00E+00,114919.2
3.90E+01,7.00E+00,82185.5
3.90E+01,9.00E+00,13215.8
3.90E+01,1.10E+01,210551.5
3.90E+01,1.30E+01,3006.4
3.90E+01,1.50E+01,132156
3.90E+01,1.70E+01,104019.9
3.90E+01,1.90E+01,24300.4
3.90E+01,2.10E+01,223271.4
3.90E+01,2.30E+01,162690.7
3.90E+01,2.50E+01,87998.6
3.90E+01,2.70E+01,263395.4
3.90E+01,2.90E+01,79561.5
3.90E+01,3.10E+01,54224.4
3.90E+01,3.30E+01,266066.8
3.90E+01,3.50E+01,96
3.90E+01,3.70E+01,342291.2
3.90E+01,3.90E+01,211710.2
3.90E+01,4.10E+01,143228.3
3.90E+01,4.30E+01,98346.8
3.90E+01,4.50E+01,179330.2
3.90E+01,4.70E+01,253307.6
3.90E+01,4.90E+01,54993.6
3.90E+01,5.10E+01,250282.6
3.90E+01,5.30E+01,13138.8
3.90E+01,5.50E+01,18672.3
3.90E+01,5.70E+01,197617.9
3.90E+01,5.90E+01,19392.9
3.90E+01,6.10E+01,13487.1
3.90E+01,6.30E+01,303652.1
3.90E+01,6.50E+01,248666.4
3.90E+01,6.70E+01,9351.3
3.90E+01,6.90E+01,270096.6
3.90E+01,7.10E+01,188047.5
3.90E+01,7.30E+01,15105
3.90E+01,7.50E+01,51625.5
3.90E+01,7.70E+01,221773
3.90E+01,7.90E+01,13532.6
3.90E+01,8.10E+01,3231.6
3.90E+01,8.30E+01,147239.3
3.90E+01,8.50E+01,3544.4
3.90E+01,8.70E+01,4700.4
3.90E+01,8.90E+01,175991.5
3.90E+01,9.10E+01,202571.2
3.90E+01,9.30E+01,120074.7
3.90E+01,9.50E+01,76944.6
3.90E+01,9.70E+01,291545.5
3.90E+01,9.90E+01,53217.2
3.90E+01,1.01E+02,208234
3.90E+01,1.03E+02,65317.2
3.90E+01,1.05E+02,14099.4
3.90E+01,1.07E+02,278203.9
3.90E+01,1.09E+02,192325.9
3.90E+01,1.11E+02,5312.6
3.90E+01,1.13E+02,117738
3.90E+01,1.15E+02,21952.7
3.90E+01,1.17E+02,151634.1
3.90E+01,1.19E+02,87053.4
3.90E+01,1.21E+02,3028.6
3.90E+01,1.23E+02,115019.1
3.90E+01,1.25E+02,233489.3
3.90E+01,1.27E+02,83008.2
3.90E+01,1.29E+02,270309
3.90E+01,1.31E+02,40862.2
3.90E+01,1.33E+02,56242.7
3.90E+01,1.35E+02,253909.7
3.90E+01,1.37E+02,289736.4
3.90E+01,1.39E+02,114890.5
3.90E+01,1.41E+02,148681
3.90E+01,1.43E+02,232106.1
3.90E+01,1.45E+02,31790
3.90E+01,1.47E+02,312571.3
3.90E+01,1.49E+02,213583.8
3.90E+01,1.51E+02,92455.5
3.90E+01,1.53E+02,12040.3
3.90E+01,1.55E+02,70671.2
3.90E+01,1.57E+02,43538
3.90E+01,1.59E+02,213039.6
3.90E+01,1.61E+02,276453.9
3.90E+01,1.63E+02,8836.1
3.90E+01,1.65E+02,105406.3
3.90E+01,1.67E+02,45852.9
3.90E+01,1.69E+02,159408.4
3.90E+01,1.71E+02,204470.8
3.90E+01,1.73E+02,350757.5
3.90E+01,1.75E+02,245672.7
4.00E+01,1.00E+00,44645.5
4.00E+01,3.00E+00,203297.2
4.00E+01,5.00E+00,13547.7
4.00E+01,7.00E+00,242754.8
4.00E+01,9.00E+00,65008.9
4.00E+01,1.10E+01,71454.9
4.00E+01,1.30E+01,60324.9
4.00E+01,1.50E+01,184510.8
4.00E+01,1.70E+01,111553.6
4.00E+01,1.90E+01,32139.5
4.00E+01,2.10E+01,38968.4
4.00E+01,2.30E+01,35246.6
4.00E+01,2.50E+01,503128.8
4.00E+01,2.70E+01,17610.7
4.00E+01,2.90E+01,10005.4
4.00E+01,3.10E+01,67533.7
4.00E+01,3.30E+01,63914.7
4.00E+01,3.50E+01,43301.6
4.00E+01,3.70E+01,36836.2
4.00E+01,3.90E+01,121654.8
4.00E+01,4.10E+01,19964.8
4.00E+01,4.30E+01,45594
4.00E+01,4.50E+01,84631.5
4.00E+01,4.70E+01,384255.4
4.00E+01,4.90E+01,120237.8
4.00E+01,5.10E+01,137677.2
4.00E+01,5.30E+01,454806.8
4.00E+01,5.50E+01,102656.6
4.00E+01,5.70E+01,137641
4.00E+01,5.90E+01,56747.9
4.00E+01,6.10E+01,47948.3
4.00E+01,6.30E+01,90308
4.00E+01,6.50E+01,541120.9
4.00E+01,6.70E+01,37252
4.00E+01,6.90E+01,15242.5
4.00E+01,7.10E+01,599246.5
4.00E+01,7.30E+01,130937.2
4.00E+01,7.50E+01,165715.5
4.00E+01,7.70E+01,14989.8
4.00E+01,7.90E+01,72275.2
4.00E+01,8.10E+01,50144.3
4.00E+01,8.30E+01,56145.2
4.00E+01,8.50E+01,12851
4.00E+01,8.70E+01,64141.9
4.00E+01,8.90E+01,51411
4.00E+01,9.10E+01,44886
4.00E+01,9.30E+01,159295.4
4.00E+01,9.50E+01,10164
4.00E+01,9.70E+01,23663.4
4.00E+01,9.90E+01,15847.3
4.00E+01,1.01E+02,90886.5
4.00E+01,1.03E+02,201792.1
4.00E+01,1.05E+02,23532.4
4.00E+01,1.07E+02,32181.2
4.00E+01,1.09E+02,24583.5
4.00E+01,1.11E+02,67176.3
4.00E+01,1.13E+02,94855
4.00E+01,1.15E+02,52030
4.00E+01,1.17E+02,24518.1
4.00E+01,1.19E+02,51995.9
4.00E+01,1.21E+02,103817
4.00E+01,1.23E+02,18521.4
4.00E+01,1.25E+02,57957.2
4.00E+01,1.27E+02,22626
4.00E+01,1.29E+02,39195.2
4.00E+01,1.31E+02,21105.7
4.00E+01,1.33E+02,25875.7
4.00E+01,1.35E+02,61737.5
4.00E+01,1.37E+02,42453.4
4.00E+01,1.39E+02,1052211.4
4.00E+01,1.41E+02,463431.9
4.00E+01,1.43E+02,12255.5
4.00E+01,1.45E+02,56372.6
4.00E+01,1.47E+02,25791.3
4.00E+01,1.49E+02,178396.6
4.00E+01,1.51E+02,95585.1
4.00E+01,1.53E+02,67284.7
4.10E+01,1.00E+00,523799.7
4.10E+01,3.00E+00,24840.6
4.10E+01,5.00E+00,67561.9
4.10E+01,7.00E+00,3963.5
4.10E+01,9.00E+00,4726.7
4.10E+01,1.10E+01,1733.9
4.10E+01,1.30E+01,10842.5
4.10E+01,1.50E+01,3375.8
4.10E+01,1.70E+01,6381.4
4.10E+01,1.90E+01,35812.5
4.10E+01,2.10E+01,70535.4
4.10E+01,2.30E+01,4677.6
4.10E+01,2.50E+01,17310.6
4.10E+01,2.70E+01,1353947.1
4.10E+01,2.90E+01,218210
4.10E+01,3.10E+01,31971.7
4.10E+01,3.30E+01,16102.2
4.10E+01,3.50E+01,918762.7
4.10E+01,3.70E+01,19605.4
4.10E+01,3.90E+01,47006.8
4.10E+01,4.10E+01,2414.2
4.10E+01,4.30E+01,41567.6
4.10E+01,4.50E+01,1368585.4
4.10E+01,4.70E+01,212245.3
4.10E+01,4.90E+01,2664254.3
4.10E+01,5.10E+01,146988
4.10E+01,5.30E+01,66492.7
4.10E+01,5.50E+01,336315.7
4.10E+01,5.70E+01,13081.5
4.10E+01,5.90E+01,1534741.4
4.10E+01,6.10E+01,80670.7
4.10E+01,6.30E+01,19030
4.10E+01,6.50E+01,391618.6
4.10E+01,6.70E+01,156589
4.10E+01,6.90E+01,2606.4
4.10E+01,7.10E+01,96998.5
4.20E+01,1.00E+00,492158.8
4.20E+01,3.00E+00,7813.8
4.20E+01,5.00E+00,38152.8
4.20E+01,7.00E+00,14310.8
4.20E+01,9.00E+00,106922.5
4.20E+01,1.10E+01,189870.7
4.20E+01,1.30E+01,83304.9
4.20E+01,1.50E+01,78863.9
4.20E+01,1.70E+01,45005.5
4.20E+01,1.90E+01,52269.3
4.20E+01,2.10E+01,48919.5
4.20E+01,2.30E+01,513.7
4.20E+01,2.50E+01,9592.4
4.20E+01,2.70E+01,107220.5
4.20E+01,2.90E+01,104425.1
4.20E+01,3.10E+01,28859.2
4.20E+01,3.30E+01,18897.9
4.20E+01,3.50E+01,40434.2
4.20E+01,3.70E+01,82856.1
4.20E+01,3.90E+01,147473.7
4.20E+01,4.10E+01,128109.7
4.20E+01,4.30E+01,70978.6
4.20E+01,4.50E+01,826.9
4.20E+01,4.70E+01,3357
4.20E+01,4.90E+01,107887.3
4.20E+01,5.10E+01,72754.4
4.20E+01,5.30E+01,1438.4
4.20E+01,5.50E+01,220299.9
4.20E+01,5.70E+01,35155.7
4.20E+01,5.90E+01,8771.1
4.20E+01,6.10E+01,75041.6
4.20E+01,6.30E+01,68439
4.20E+01,6.50E+01,21698.1
4.20E+01,6.70E+01,77725.9
4.20E+01,6.90E+01,11528.1
4.20E+01,7.10E+01,338513.1
4.20E+01,7.30E+01,45804.7
4.20E+01,7.50E+01,110081.8
4.20E+01,7.70E+01,90961.4
4.20E+01,7.90E+01,40239.8
4.20E+01,8.10E+01,90702.8
4.20E+01,8.30E+01,4509.5
4.20E+01,8.50E+01,157094.7
4.20E+01,8.70E+01,63987.1
4.20E+01,8.90E+01,15249.6
4.20E+01,9.10E+01,14937.4
4.20E+01,9.30E+01,45286.3
4.20E+01,9.50E+01,76674
4.20E+01,9.70E+01,177164.1
4.20E+01,9.90E+01,82258.6
4.20E+01,1.01E+02,23.4
4.20E+01,1.03E+02,3479.5
4.20E+01,1.05E+02,23774.7
4.20E+01,1.07E+02,71045
4.20E+01,1.09E+02,77509.8
4.20E+01,1.11E+02,167475.6
4.20E+01,1.13E+02,8440.4
4.20E+01,1.15E+02,29853.8
4.20E+01,1.17E+02,37670.7
4.20E+01,1.19E+02,69107
4.20E+01,1.21E+02,28238.6
4.20E+01,1.23E+02,21508.6
4.20E+01,1.25E+02,36351.4
4.20E+01,1.27E+02,9901.4
4.20E+01,1.29E+02,114898.9
4.20E+01,1.31E+02,23161.3
4.20E+01,1.33E+02,212536.5
4.40E+01,1.00E+00,217.5
4.40E+01,3.00E+00,1135.4
4.40E+01,5.00E+00,4094.3
4.40E+01,7.00E+00,5539.7
4.40E+01,9.00E+00,2666.1
4.50E+01,1.00E+00,3512.7
4.50E+01,3.00E+00,94521.8
4.50E+01,5.00E+00,84571.4
4.50E+01,7.00E+00,27987.5
4.50E+01,9.00E+00,68778.1
4.50E+01,1.10E+01,79214
4.50E+01,1.30E+01,16298.5
4.50E+01,1.50E+01,15634.7
4.50E+01,1.70E+01,205275.6
4.50E+01,1.90E+01,10882.4
4.50E+01,2.10E+01,7205.6
4.50E+01,2.30E+01,13449.9
4.50E+01,2.50E+01,112051.8
4.50E+01,2.70E+01,312425.4
4.50E+01,2.90E+01,108771.5
4.50E+01,3.10E+01,312544.4
4.50E+01,3.30E+01,175636.8
4.50E+01,3.50E+01,54469
4.50E+01,3.70E+01,21732.9
4.50E+01,3.90E+01,1125
4.50E+01,4.10E+01,238621.5
4.50E+01,4.30E+01,61820.4
4.50E+01,4.50E+01,19537
4.50E+01,4.70E+01,1948.1
4.50E+01,4.90E+01,107389.2
4.50E+01,5.10E+01,520697.7
4.50E+01,5.30E+01,2929.7
4.50E+01,5.50E+01,9121.4
4.50E+01,5.70E+01,7605
4.50E+01,5.90E+01,10000
4.50E+01,6.10E+01,260974.3
4.50E+01,6.30E+01,60498.7
4.50E+01,6.50E+01,386.9
4.50E+01,6.70E+01,152784.7
4.50E+01,6.90E+01,203802.4
4.50E+01,7.10E+01,19994.6
4.50E+01,7.30E+01,17439.3
4.50E+01,7.50E+01,393031.7
4.50E+01,7.70E+01,12120.6
4.50E+01,7.90E+01,72453.7
4.50E+01,8.10E+01,221227.8
4.50E+01,8.30E+01,92836.2
4.50E+01,8.50E+01,201167.1
4.50E+01,8.70E+01,4190.1
4.50E+01,8.90E+01,222640.7
4.50E+01,9.10E+01,27142.1
4.60E+01,3.00E+00,239481.2
4.60E+01,5.00E+00,602970.9
4.60E+01,7.00E+00,53541.9
4.60E+01,9.00E+00,258667.9
4.60E+01,1.10E+01,410530.2
4.60E+01,1.30E+01,839084.9
4.60E+01,1.50E+01,212232.7
4.60E+01,1.70E+01,75137.5
4.60E+01,1.90E+01,19975.7
4.60E+01,2.10E+01,188776.2
4.60E+01,2.30E+01,376585.6
4.60E+01,2.50E+01,357308.3
4.60E+01,2.70E+01,223747.6
4.60E+01,2.90E+01,254229
4.60E+01,3.10E+01,105628
4.60E+01,3.30E+01,14601.5
4.60E+01,3.50E+01,245768.9
4.60E+01,3.70E+01,359893.1
4.60E+01,3.90E+01,235883.1
4.60E+01,4.10E+01,65439.3
4.60E+01,4.30E+01,188206.6
4.60E+01,4.50E+01,471809.1
4.60E+01,4.70E+01,13304.5
4.60E+01,4.90E+01,347221.9
4.60E+01,5.10E+01,263618.5
4.60E+01,5.30E+01,165563.3
4.60E+01,5.50E+01,130117.4
4.60E+01,5.70E+01,247614.3
4.60E+01,5.90E+01,542701.3
4.60E+01,6.10E+01,258279.5
4.60E+01,6.30E+01,29246.3
4.60E+01,6.50E+01,216503.8
4.60E+01,6.70E+01,398428.6
4.60E+01,6.90E+01,123530.2
4.60E+01,7.10E+01,54442.8
4.60E+01,7.30E+01,159771.9
4.60E+01,7.50E+01,115037.2
4.60E+01,7.70E+01,461730.8
4.60E+01,7.90E+01,353360.8
4.60E+01,8.10E+01,2102.1
4.60E+01,8.30E+01,308854.5
4.60E+01,8.50E+01,337296.5
4.60E+01,8.70E+01,372689.8
4.60E+01,8.90E+01,234697.8
4.60E+01,9.10E+01,260714.5
4.60E+01,9.30E+01,88717.4
4.60E+01,9.50E+01,44656.4
4.60E+01,9.70E+01,263534.9
4.60E+01,9.90E+01,460035.5
4.60E+01,1.01E+02,355543.8
4.60E+01,1.03E+02,88453.8
4.60E+01,1.05E+02,95104
4.60E+01,1.07E+02,276899.6
4.60E+01,1.09E+02,420812.9
4.60E+01,1.11E+02,215720.7
4.60E+01,1.02E+02,0
4.60E+01,1.15E+02,757469
4.60E+01,1.17E+02,199421.5
4.60E+01,1.19E+02,342117.6
4.60E+01,1.21E+02,43745
4.60E+01,1.23E+02,255090.9
4.60E+01,1.25E+02,325329.8
4.60E+01,1.27E+02,252933.5
4.60E+01,1.29E+02,181589.7
4.60E+01,1.35E+02,226830.4
4.60E+01,1.37E+02,48565
4.70E+01,1.00E+00,3134.8
4.70E+01,3.00E+00,62295.4
4.70E+01,5.00E+00,43277.9
4.70E+01,7.00E+00,22875.3
4.70E+01,9.00E+00,22963.9
4.70E+01,1.10E+01,23161.1
4.70E+01,1.30E+01,4967.5
4.70E+01,1.50E+01,37998
4.70E+01,1.70E+01,299247.8
4.70E+01,1.90E+01,6435.8
4.70E+01,2.10E+01,20914.6
4.70E+01,2.30E+01,56701.2
4.70E+01,2.50E+01,19252
4.70E+01,2.70E+01,16150
4.70E+01,2.90E+01,14669.8
4.70E+01,3.10E+01,147230.9
4.70E+01,3.30E+01,325560.6
4.70E+01,3.50E+01,18382.5
4.70E+01,3.70E+01,2690.9
4.70E+01,3.90E+01,30472.7
4.70E+01,4.10E+01,30792.2
4.70E+01,4.30E+01,25886.9
4.70E+01,4.50E+01,409583.2
4.70E+01,4.70E+01,282844.5
4.70E+01,4.90E+01,18521.5
4.70E+01,5.10E+01,126751.1
4.70E+01,5.30E+01,562747.7
4.70E+01,5.50E+01,75786.1
4.70E+01,5.70E+01,12058.8
4.70E+01,5.90E+01,48872.9
4.70E+01,6.10E+01,16589.3
4.70E+01,6.30E+01,17601.7
4.70E+01,6.50E+01,6364.1
4.70E+01,6.70E+01,6875.8
4.70E+01,6.90E+01,152473.5
4.70E+01,7.10E+01,80733.3
4.70E+01,7.30E+01,20768.6
4.70E+01,7.50E+01,512731.2
4.70E+01,7.70E+01,109788.3
4.70E+01,7.90E+01,242931.2
4.70E+01,8.10E+01,27172.6
4.70E+01,8.30E+01,3977.4
4.70E+01,8.50E+01,35218.3
4.70E+01,8.70E+01,12454.2
4.70E+01,8.90E+01,21125.4
4.70E+01,9.10E+01,8508.3
4.70E+01,9.30E+01,8838.3
4.70E+01,9.50E+01,175350.6
4.70E+01,9.70E+01,325073.1
4.70E+01,9.90E+01,178111.2
4.70E+01,1.01E+02,3054.5
4.70E+01,1.03E+02,134220
4.70E+01,1.05E+02,31182.2
4.70E+01,1.07E+02,40170.8
4.70E+01,1.09E+02,110862.2
4.70E+01,1.11E+02,95807.3
4.70E+01,1.13E+02,233875.8
4.70E+01,1.15E+02,20883.9
4.70E+01,1.17E+02,38384.4
4.70E+01,1.19E+02,67054.3
4.70E+01,1.21E+02,11739.5
4.70E+01,1.23E+02,45646.4
4.70E+01,1.25E+02,110981.6
4.70E+01,1.27E+02,7158
4.70E+01,1.29E+02,5249.1
4.70E+01,1.31E+02,372016
4.70E+01,1.33E+02,21200.7
4.70E+01,1.35E+02,7768.2
4.70E+01,1.37E+02,8919.6
4.70E+01,1.39E+02,17196.3
4.70E+01,1.41E+02,20819.7
4.70E+01,1.43E+02,14968.1
4.70E+01,1.45E+02,4262.8
4.70E+01,1.47E+02,249809.1
4.70E+01,1.49E+02,53151.6
4.70E+01,1.51E+02,3725.8
4.70E+01,1.53E+02,8340.8
4.70E+01,1.55E+02,7479.5
4.70E+01,1.57E+02,117834.4
4.70E+01,1.59E+02,41853.6
4.70E+01,1.61E+02,26385.8
4.70E+01,1.63E+02,12151.4
4.70E+01,1.65E+02,89745.1
4.70E+01,1.67E+02,272395.7
4.70E+01,1.69E+02,15176.6
4.70E+01,1.71E+02,596
4.70E+01,1.73E+02,4129.8
4.70E+01,1.75E+02,6183.4
4.70E+01,1.77E+02,89866.4
4.70E+01,1.79E+02,26464.7
4.70E+01,1.81E+02,28105.3
4.70E+01,1.83E+02,424491.6
4.70E+01,1.85E+02,34567.1
4.70E+01,1.87E+02,27440.2
4.70E+01,1.89E+02,22979
4.80E+01,1.00E+00,68084.1
4.80E+01,3.00E+00,51547.8
4.80E+01,5.00E+00,10862.1
4.80E+01,7.00E+00,14057.6
4.80E+01,9.00E+00,10576.8
4.80E+01,1.10E+01,73719
4.80E+01,1.30E+01,17682
4.80E+01,1.50E+01,55127.4
4.80E+01,1.70E+01,269113
4.80E+01,1.90E+01,593.2
4.80E+01,2.10E+01,32278.2
4.80E+01,2.30E+01,62083
4.80E+01,2.50E+01,139759.3
4.80E+01,2.70E+01,140311.7
4.80E+01,2.90E+01,60755.2
4.80E+01,3.10E+01,940.9
4.80E+01,3.30E+01,53444.9
4.80E+01,3.50E+01,33038.1
4.80E+01,3.70E+01,52633
4.80E+01,3.90E+01,108533.1
4.80E+01,4.10E+01,98155
4.80E+01,4.30E+01,431.4
4.80E+01,4.50E+01,94659.3
4.80E+01,4.70E+01,6298.8
4.80E+01,4.90E+01,17436.2
4.80E+01,5.10E+01,111934.2
4.80E+01,5.30E+01,1209.8
4.80E+01,5.50E+01,60419.4
4.80E+01,5.70E+01,93581.1
4.80E+01,5.90E+01,9159.6
4.80E+01,6.10E+01,238210.7
4.80E+01,6.30E+01,12249.5
4.80E+01,6.50E+01,268403.2
4.80E+01,6.70E+01,22324.2
4.80E+01,6.90E+01,375095.2
4.80E+01,7.10E+01,24584.7
4.80E+01,7.30E+01,47520.5
4.80E+01,7.50E+01,54166.7
4.80E+01,7.70E+01,13299.7
4.80E+01,7.90E+01,531243.8
4.80E+01,8.10E+01,6731.9
4.80E+01,8.30E+01,54079.9
4.80E+01,8.50E+01,57516.4
4.80E+01,8.70E+01,117933.7
4.80E+01,8.90E+01,116729.9
4.80E+01,9.10E+01,11262.3
4.80E+01,9.30E+01,58597.2
4.80E+01,9.50E+01,101450.1
4.80E+01,9.70E+01,39010
4.80E+01,9.90E+01,37858.5
4.80E+01,1.01E+02,33462.3
4.80E+01,1.03E+02,45.5
4.80E+01,1.05E+02,526.4
4.80E+01,1.07E+02,647076.7
4.80E+01,1.09E+02,7650.2
4.80E+01,1.11E+02,281571
4.80E+01,1.13E+02,7443.7
4.80E+01,1.15E+02,942365.8
4.80E+01,1.17E+02,317843.6
4.80E+01,1.19E+02,62624.9
4.80E+01,1.21E+02,45675
4.80E+01,1.23E+02,45839.6
4.80E+01,1.25E+02,41173
4.80E+01,1.27E+02,5878.8
4.80E+01,1.29E+02,38752.8
4.80E+01,1.31E+02,6864.2
4.80E+01,1.33E+02,14205.5
4.80E+01,1.35E+02,252
4.80E+01,1.37E+02,339
4.80E+01,1.39E+02,156191.3
4.80E+01,1.41E+02,10395.2
4.80E+01,1.43E+02,18310.1
4.80E+01,1.45E+02,132206.3
4.80E+01,1.47E+02,99064.1
4.80E+01,1.49E+02,55299.8
4.80E+01,1.51E+02,300566.5
4.80E+01,1.53E+02,576537.1
4.80E+01,1.55E+02,13359.5
4.80E+01,1.57E+02,147038.6
4.80E+01,1.59E+02,26729.3
4.80E+01,1.61E+02,51440.2
4.80E+01,1.63E+02,47193.5
4.80E+01,1.65E+02,1387729.3
4.80E+01,1.67E+02,3649.1
4.80E+01,1.69E+02,52327.1
4.80E+01,1.71E+02,11190.8
4.80E+01,1.73E+02,335524.5
4.80E+01,1.75E+02,50778.3
4.80E+01,1.77E+02,49358
4.80E+01,1.79E+02,129585.7
4.80E+01,1.81E+02,67383.7
4.80E+01,1.83E+02,7077.7
4.80E+01,1.85E+02,78504.2
4.80E+01,1.87E+02,136940
4.80E+01,1.89E+02,657602.2
4.80E+01,1.91E+02,85532.1
4.80E+01,1.93E+02,23443
4.80E+01,1.95E+02,264066
4.80E+01,1.97E+02,23641.2
4.80E+01,1.99E+02,6060.5
4.80E+01,2.01E+02,16487.9
4.80E+01,2.03E+02,28575.1
4.80E+01,2.05E+02,271495.2
4.80E+01,2.07E+02,352530.6
4.80E+01,2.09E+02,35225.3
4.80E+01,2.11E+02,6980.2
4.80E+01,2.13E+02,58366.1
4.80E+01,2.15E+02,215891.5
4.80E+01,2.17E+02,199495.3
4.80E+01,2.19E+02,848245.9
4.80E+01,2.21E+02,8533.1
4.80E+01,2.23E+02,70245.8
4.80E+01,2.25E+02,123633.4
4.80E+01,2.27E+02,387253.6
4.80E+01,2.29E+02,7554.6
4.80E+01,2.31E+02,61360.3
4.80E+01,2.33E+02,92921.4
4.80E+01,2.35E+02,1464.5
4.80E+01,2.37E+02,3619.9
4.80E+01,2.39E+02,178294.1
4.80E+01,2.41E+02,8514.3
4.80E+01,2.43E+02,186.5
4.80E+01,2.45E+02,28481.1
4.80E+01,2.47E+02,2203.6
4.80E+01,2.49E+02,222438.1
4.80E+01,2.51E+02,46899.4
4.80E+01,2.53E+02,288995.4
4.80E+01,2.55E+02,70670.9
4.80E+01,2.57E+02,40463
4.80E+01,2.59E+02,1310.1
4.80E+01,2.61E+02,3185.8
4.80E+01,2.63E+02,7631.9
4.80E+01,2.65E+02,1161.7
4.80E+01,2.67E+02,2925.2
4.80E+01,2.69E+02,1654.2
4.80E+01,2.71E+02,2432.4
4.80E+01,2.73E+02,168282.5
4.80E+01,2.75E+02,132033.4
4.80E+01,2.77E+02,93549.5
4.80E+01,2.79E+02,486081.6
4.80E+01,2.81E+02,2615.5
4.80E+01,2.83E+02,30223.1
4.80E+01,2.85E+02,39486.6
4.80E+01,2.87E+02,17699.2
4.80E+01,2.89E+02,68177.7
4.80E+01,2.91E+02,31434.4
4.80E+01,2.93E+02,46435.6
4.80E+01,2.95E+02,41559.4
4.80E+01,2.97E+02,32160
4.80E+01,2.99E+02,856.2
4.80E+01,3.01E+02,55.2
4.80E+01,3.03E+02,833213.1
4.80E+01,3.05E+02,1010274.7
4.80E+01,3.07E+02,35009.4
4.80E+01,3.09E+02,139047
4.80E+01,3.11E+02,7587.4
4.80E+01,3.13E+02,37196
4.80E+01,3.15E+02,3359.3
4.80E+01,3.17E+02,439299.1
4.80E+01,3.19E+02,7921.4
4.80E+01,3.21E+02,186460.2
4.80E+01,3.23E+02,3607.3
4.80E+01,3.25E+02,193081.4
4.80E+01,3.27E+02,2098.3
4.80E+01,3.29E+02,46219.5
4.80E+01,3.31E+02,103017.5
4.80E+01,3.33E+02,14702.2
4.80E+01,3.35E+02,178748.1
4.80E+01,3.37E+02,10011.4
4.80E+01,3.39E+02,16333.8
4.80E+01,3.41E+02,262856
4.80E+01,3.43E+02,17901
4.80E+01,3.45E+02,26194.8
4.80E+01,3.47E+02,39138.2
4.80E+01,3.49E+02,89212.7
4.80E+01,3.51E+02,3611.8
4.80E+01,3.53E+02,204958.1
4.80E+01,3.55E+02,564522
4.80E+01,3.57E+02,261666.6
4.80E+01,3.59E+02,35985.1
4.80E+01,3.61E+02,1736.5
4.80E+01,3.63E+02,11566.9
4.80E+01,3.65E+02,31481.3
4.80E+01,3.67E+02,9507.6
4.80E+01,3.69E+02,326242.4
4.80E+01,3.71E+02,12016.9
4.80E+01,3.73E+02,12754.1
4.80E+01,3.75E+02,14917.1
4.80E+01,3.77E+02,727.6
4.80E+01,3.79E+02,19098.2
4.80E+01,3.81E+02,89670.5
4.80E+01,3.83E+02,126706.3
4.80E+01,3.85E+02,346.9
4.80E+01,3.87E+02,86805.7
4.80E+01,3.89E+02,12838
4.80E+01,3.91E+02,160065.2
4.80E+01,3.93E+02,15443.4
4.80E+01,3.95E+02,189884.2
4.80E+01,3.97E+02,2148.9
4.80E+01,3.99E+02,257860.4
4.80E+01,4.01E+02,50404.3
4.80E+01,4.03E+02,2530.3
4.80E+01,4.05E+02,6794
4.80E+01,4.07E+02,11369
4.80E+01,4.09E+02,438083.8
4.80E+01,4.11E+02,17328.3
4.80E+01,4.13E+02,42060.3
4.80E+01,4.15E+02,262373.4
4.80E+01,4.17E+02,5147.6
4.80E+01,4.19E+02,58163.3
4.80E+01,4.21E+02,351581.1
4.80E+01,4.23E+02,51006.7
4.80E+01,4.25E+02,1124.5
4.80E+01,4.27E+02,58114.3
4.80E+01,4.29E+02,3625.5
4.80E+01,4.31E+02,197.7
4.80E+01,4.33E+02,37500.9
4.80E+01,4.35E+02,302
4.80E+01,4.37E+02,370145.2
4.80E+01,4.39E+02,10733.3
4.80E+01,4.41E+02,92138.1
4.80E+01,4.43E+02,158.5
4.80E+01,4.45E+02,920029.5
4.80E+01,4.47E+02,12425.6
4.80E+01,4.49E+02,23356.1
4.80E+01,4.51E+02,343496.9
4.80E+01,4.53E+02,78101.3
4.80E+01,4.55E+02,10399.3
4.80E+01,4.57E+02,6766.1
4.80E+01,4.59E+02,30937
4.80E+01,4.61E+02,47329.8
4.80E+01,4.63E+02,96789.7
4.80E+01,4.65E+02,587.6
4.80E+01,4.67E+02,64807
4.80E+01,4.69E+02,136166.7
4.80E+01,4.71E+02,50041.8
4.80E+01,4.73E+02,106713.9
4.80E+01,4.75E+02,160.8
4.80E+01,4.77E+02,23687.6
4.80E+01,4.79E+02,7301.9
4.80E+01,4.81E+02,377949.8
4.80E+01,4.83E+02,17993.5
4.80E+01,4.85E+02,17267.9
4.80E+01,4.87E+02,61062.8
4.80E+01,4.89E+02,222486.4
4.80E+01,4.91E+02,182506.7
4.80E+01,4.93E+02,57388.6
4.80E+01,4.95E+02,85.4
4.80E+01,4.97E+02,12533.1
4.80E+01,4.99E+02,40803.7
4.80E+01,5.01E+02,495643.2
4.80E+01,5.03E+02,11158.4
4.80E+01,5.05E+02,1885.9
4.80E+01,5.07E+02,28899.8
4.90E+01,1.00E+00,23647
4.90E+01,3.00E+00,79628.9
4.90E+01,5.00E+00,57829.9
4.90E+01,7.00E+00,8783.9
4.90E+01,9.00E+00,3277.3
4.90E+01,1.10E+01,6618.3
4.90E+01,1.30E+01,42874.6
4.90E+01,1.50E+01,22862.9
4.90E+01,1.70E+01,9435.2
4.90E+01,1.90E+01,3696.3
4.90E+01,2.10E+01,44624.6
4.90E+01,2.30E+01,13838
4.90E+01,2.50E+01,2024
4.90E+01,2.70E+01,57696.9
4.90E+01,2.90E+01,6324.2
4.90E+01,3.10E+01,6660.6
4.90E+01,3.30E+01,8964.5
4.90E+01,3.50E+01,3057.7
4.90E+01,3.70E+01,26343.6
4.90E+01,3.90E+01,29092
4.90E+01,4.10E+01,22135.5
4.90E+01,4.30E+01,8078.8
4.90E+01,4.50E+01,8205.8
4.90E+01,4.70E+01,41619.4
4.90E+01,4.90E+01,90278.3
4.90E+01,5.10E+01,5263.6
4.90E+01,5.30E+01,6780.2
4.90E+01,5.50E+01,10605.1
4.90E+01,5.70E+01,15358.3
5.00E+01,1.00E+00,60867.7
5.00E+01,3.00E+00,9374
5.00E+01,5.00E+00,8653.5
5.00E+01,7.00E+00,10525.3
5.00E+01,9.00E+00,2275.7
5.00E+01,1.10E+01,52173.2
5.00E+01,1.30E+01,7879.8
5.00E+01,1.50E+01,3138
5.00E+01,1.70E+01,14344.9
5.00E+01,1.90E+01,18253.9
5.00E+01,2.10E+01,10527
5.00E+01,2.30E+01,7270.5
5.00E+01,2.50E+01,10963.7
5.00E+01,2.70E+01,7248.5
5.10E+01,1.00E+00,134923.2
5.10E+01,3.00E+00,13524.9
5.10E+01,5.00E+00,921.6
5.10E+01,7.00E+00,44373.1
5.10E+01,9.00E+00,2753.5
5.10E+01,1.10E+01,10477.5
5.10E+01,1.30E+01,0
5.10E+01,1.50E+01,160386.5
5.10E+01,1.70E+01,7998.2
5.10E+01,1.90E+01,18668
5.10E+01,2.10E+01,9491.4
5.10E+01,2.30E+01,26670.9
5.10E+01,2.50E+01,75032.8
5.10E+01,2.70E+01,331.5
5.10E+01,2.90E+01,7551.6
5.10E+01,3.10E+01,26572.1
5.10E+01,3.30E+01,97431
5.10E+01,3.50E+01,31438
5.10E+01,3.60E+01,38756.8
5.10E+01,3.70E+01,35940.6
5.10E+01,4.10E+01,7287.1
5.10E+01,4.30E+01,31011.7
5.10E+01,4.50E+01,5387.1
5.10E+01,4.70E+01,79050.9
5.10E+01,4.90E+01,11773.3
5.10E+01,5.10E+01,810.6
5.10E+01,5.30E+01,99722.4
5.10E+01,5.70E+01,82476.6
5.10E+01,5.90E+01,2888.8
5.10E+01,6.10E+01,101361.9
5.10E+01,6.30E+01,16817.2
5.10E+01,6.50E+01,9686
5.10E+01,6.70E+01,47906.1
5.10E+01,6.90E+01,219540
5.10E+01,7.10E+01,5058
5.10E+01,7.30E+01,30330.1
5.10E+01,7.50E+01,22563.7
5.10E+01,7.70E+01,12224.8
5.10E+01,7.90E+01,1748.4
5.10E+01,8.10E+01,75154.6
5.10E+01,8.30E+01,60765.3
5.10E+01,8.50E+01,73487.6
5.10E+01,8.70E+01,17282.4
5.10E+01,8.90E+01,3202.1
5.10E+01,9.10E+01,5429.9
5.10E+01,9.30E+01,142211.7
5.10E+01,9.50E+01,5672.5
5.10E+01,9.70E+01,66410.5
5.10E+01,9.90E+01,19379.7
5.10E+01,1.01E+02,66999.6
5.10E+01,1.03E+02,14370.7
5.10E+01,1.05E+02,16906
5.10E+01,1.07E+02,56171.2
5.10E+01,1.09E+02,21968.2
5.10E+01,1.11E+02,30417.9
5.10E+01,1.13E+02,54970
5.10E+01,1.15E+02,7988.2
5.10E+01,1.17E+02,132449.6
5.10E+01,1.19E+02,36272.9
5.10E+01,1.21E+02,23916.8
5.10E+01,1.25E+02,32565.3
5.10E+01,1.27E+02,23937.2
5.10E+01,1.31E+02,79077
5.10E+01,1.33E+02,71099
5.10E+01,1.35E+02,13522.4
5.10E+01,1.37E+02,35626.3
5.10E+01,1.39E+02,34990.8
5.10E+01,1.41E+02,25704.3
5.10E+01,1.43E+02,118032.9
5.10E+01,1.45E+02,9413.7
5.10E+01,1.47E+02,10363.5
5.10E+01,1.49E+02,52566.8
5.10E+01,1.53E+02,17301.7
5.10E+01,1.55E+02,12487
5.10E+01,1.57E+02,18098.9
5.10E+01,1.59E+02,66354
5.10E+01,1.61E+02,2698.7
5.10E+01,1.63E+02,31856.2
5.10E+01,1.65E+02,194364.9
5.10E+01,1.67E+02,15235
5.10E+01,1.69E+02,11442
5.10E+01,1.71E+02,82239.5
5.10E+01,1.73E+02,20078.6
5.10E+01,1.75E+02,263810.7
5.10E+01,1.77E+02,17322.9
5.10E+01,1.79E+02,15584.8
5.10E+01,1.81E+02,87000
5.10E+01,1.83E+02,121500.5
5.10E+01,1.85E+02,12550
5.10E+01,1.87E+02,7135.7
5.10E+01,1.91E+02,30819
5.10E+01,1.93E+02,78166.2
5.10E+01,1.95E+02,1984
5.10E+01,1.97E+02,45277.5
5.10E+01,1.99E+02,635
5.10E+01,5.10E+02,0
5.10E+01,5.15E+02,0
5.10E+01,5.20E+02,0
5.10E+01,5.30E+02,0
5.10E+01,5.40E+02,0
5.10E+01,5.50E+02,81508.5
5.10E+01,5.70E+02,0
5.10E+01,5.80E+02,0
5.10E+01,5.90E+02,0
5.10E+01,5.95E+02,0
5.10E+01,6.00E+02,0
5.10E+01,6.10E+02,0
5.10E+01,6.20E+02,0
5.10E+01,6.30E+02,0
5.10E+01,6.40E+02,0
5.10E+01,6.50E+02,0
5.10E+01,6.60E+02,0
5.10E+01,6.70E+02,0
5.10E+01,6.78E+02,0
5.10E+01,6.80E+02,0
5.10E+01,6.83E+02,0
5.10E+01,6.85E+02,0
5.10E+01,6.90E+02,0
5.10E+01,7.00E+02,0
5.10E+01,7.10E+02,0
5.10E+01,7.20E+02,0
5.10E+01,7.30E+02,0
5.10E+01,7.35E+02,0
5.10E+01,7.40E+02,0
5.10E+01,7.50E+02,0
5.10E+01,7.60E+02,0
5.10E+01,7.70E+02,0
5.10E+01,7.75E+02,0
5.10E+01,7.90E+02,0
5.10E+01,8.00E+02,145196.6
5.10E+01,8.10E+02,60706.3
5.10E+01,8.20E+02,0
5.10E+01,8.30E+02,0
5.10E+01,8.40E+02,0
5.30E+01,1.00E+00,3687088.4
5.30E+01,3.00E+00,21365.6
5.30E+01,5.00E+00,4610076.1
5.30E+01,7.00E+00,1384933.8
5.30E+01,9.00E+00,12921.1
5.30E+01,1.10E+01,46991
5.30E+01,1.30E+01,120569
5.30E+01,1.50E+01,15153.2
5.30E+01,1.70E+01,634143
5.30E+01,1.90E+01,8598.5
5.30E+01,2.10E+01,4544661.3
5.30E+01,2.30E+01,84107.9
5.30E+01,2.50E+01,7752971.5
5.30E+01,2.70E+01,9401.7
5.30E+01,2.90E+01,12277.7
5.30E+01,3.10E+01,6052.4
5.30E+01,3.30E+01,29699
5.30E+01,3.50E+01,8081.8
5.30E+01,3.70E+01,72310.3
5.30E+01,3.90E+01,316229.2
5.30E+01,4.10E+01,23043.4
5.30E+01,4.30E+01,497856.9
5.30E+01,4.50E+01,2109.6
5.30E+01,4.70E+01,1598742.2
5.30E+01,4.90E+01,790.6
5.30E+01,5.10E+01,1313.7
5.30E+01,5.30E+01,15195.1
5.30E+01,5.50E+01,9337.7
5.30E+01,5.70E+01,1715279.4
5.30E+01,5.90E+01,847.6
5.30E+01,6.10E+01,52021.6
5.30E+01,6.30E+01,124437.8
5.30E+01,6.50E+01,16166.5
5.30E+01,6.70E+01,17032.1
5.30E+01,6.90E+01,2321.3
5.30E+01,7.10E+01,3074130
5.30E+01,7.30E+01,543786.6
5.30E+01,7.50E+01,851034.9
5.30E+01,7.70E+01,3678406.4
5.40E+01,1.00E+00,997.5
5.40E+01,3.00E+00,81646
5.40E+01,5.00E+00,192.5
5.40E+01,7.00E+00,1426.8
5.40E+01,9.00E+00,1438.3
5.40E+01,1.10E+01,1321.8
5.40E+01,1.30E+01,987.1
5.40E+01,1.50E+01,504.7
5.40E+01,1.70E+01,876.5
5.40E+01,1.90E+01,752.8
5.40E+01,2.10E+01,1693.8
5.40E+01,2.30E+01,3857.2
5.40E+01,2.50E+01,12004.9
5.40E+01,2.70E+01,21721.3
5.40E+01,2.90E+01,285.4
5.40E+01,3.10E+01,26436.1
5.40E+01,3.30E+01,1648.2
5.40E+01,3.50E+01,6013
5.40E+01,3.70E+01,74544.9
5.40E+01,3.90E+01,752.6
5.40E+01,4.10E+01,2079.9
5.40E+01,4.30E+01,785.4
5.40E+01,4.50E+01,29.2
5.40E+01,4.70E+01,6.3
5.40E+01,4.90E+01,825.7
5.40E+01,5.10E+01,1411
5.40E+01,5.30E+01,26700.3
5.40E+01,5.50E+01,1069.9
5.40E+01,5.70E+01,4532.5
5.40E+01,5.90E+01,230.5
5.40E+01,6.10E+01,912.6
5.40E+01,6.30E+01,11077.7
5.40E+01,6.50E+01,1888.2
5.40E+01,6.70E+01,1369.7
5.40E+01,6.90E+01,1688.8
5.40E+01,7.10E+01,10511
5.40E+01,7.30E+01,442
5.40E+01,7.50E+01,5533.9
5.40E+01,7.70E+01,8092.5
5.40E+01,7.90E+01,1491.7
5.40E+01,8.10E+01,970.5
5.40E+01,8.30E+01,6850.1
5.40E+01,8.50E+01,1305.8
5.40E+01,8.70E+01,1891.5
5.40E+01,8.90E+01,1072.5
5.40E+01,9.10E+01,722.4
5.40E+01,9.30E+01,1211.8
5.40E+01,9.50E+01,620.9
5.40E+01,9.70E+01,1757.6
5.40E+01,9.90E+01,1001.3
5.40E+01,1.01E+02,256.7
5.40E+01,1.03E+02,488.2
5.40E+01,1.05E+02,1122.6
5.40E+01,1.07E+02,2503.9
5.40E+01,1.09E+02,33.2
5.50E+01,1.00E+00,466126.9
5.50E+01,3.00E+00,5260.7
5.50E+01,5.00E+00,202002.3
5.50E+01,7.00E+00,6519.9
5.50E+01,9.00E+00,123067.1
5.50E+01,1.10E+01,124811.4
5.50E+01,1.30E+01,27906.5
5.50E+01,1.50E+01,94351.2
5.50E+01,1.70E+01,181988.6
5.50E+01,1.90E+01,136049.4
5.50E+01,2.10E+01,235119.9
5.50E+01,2.30E+01,78701.2
5.50E+01,2.50E+01,372489
5.50E+01,2.70E+01,303349.9
5.50E+01,2.90E+01,77989.4
5.50E+01,3.10E+01,2913
5.50E+01,3.30E+01,229181.4
5.50E+01,3.50E+01,89909.8
5.50E+01,3.70E+01,462.2
5.50E+01,3.90E+01,196239.1
5.50E+01,4.10E+01,3321.2
5.50E+01,4.30E+01,297008.2
5.50E+01,4.50E+01,223940.9
5.50E+01,4.70E+01,122268.2
5.50E+01,4.90E+01,200350.4
5.50E+01,5.10E+01,423
5.50E+01,5.30E+01,96995
5.50E+01,5.50E+01,198819.9
5.50E+01,5.70E+01,116799.3
5.50E+01,5.90E+01,68979.6
5.50E+01,6.10E+01,94617.5
5.50E+01,6.30E+01,62769.5
5.50E+01,6.50E+01,248640
5.50E+01,6.70E+01,299120.4
5.50E+01,6.90E+01,24636.8
5.50E+01,7.10E+01,139638.6
5.50E+01,7.30E+01,221683
5.50E+01,7.50E+01,85312.1
5.50E+01,7.70E+01,102263
5.50E+01,7.80E+01,0.1
5.50E+01,7.90E+01,4182.7
5.50E+01,8.10E+01,109227.3
5.50E+01,8.30E+01,128126.9
5.50E+01,8.50E+01,4571.2
5.50E+01,8.70E+01,196904.6
5.50E+01,8.90E+01,42705.2
5.50E+01,9.10E+01,54918.3
5.50E+01,9.30E+01,152531.8
5.50E+01,9.50E+01,128295.1
5.50E+01,9.70E+01,835855.4
5.50E+01,9.90E+01,11346.9
5.50E+01,1.01E+02,96333
5.50E+01,1.03E+02,77544
5.50E+01,1.05E+02,336775.7
5.50E+01,1.07E+02,54611.5
5.50E+01,1.09E+02,193609.2
5.50E+01,1.11E+02,160097.7
5.50E+01,1.13E+02,12851.1
5.50E+01,1.15E+02,160509.8
5.50E+01,1.17E+02,122958.6
5.50E+01,1.19E+02,103728.5
5.50E+01,1.21E+02,174656
5.50E+01,1.23E+02,124406.4
5.50E+01,1.25E+02,1017.7
5.50E+01,1.27E+02,213080.6
5.50E+01,1.29E+02,26158.4
5.50E+01,1.31E+02,70703.5
5.50E+01,1.33E+02,72083
5.50E+01,1.35E+02,144280.1
5.50E+01,1.37E+02,357246.6
5.50E+01,1.39E+02,112220.7
5.50E+01,1.41E+02,61761.3
5.60E+01,1.00E+00,3317.2
5.60E+01,3.00E+00,82292
5.60E+01,5.00E+00,20676.4
5.60E+01,7.00E+00,6118.9
5.60E+01,9.00E+00,9174.3
5.60E+01,1.10E+01,23245.9
5.60E+01,1.30E+01,54594.8
5.60E+01,1.50E+01,102205.5
5.60E+01,1.70E+01,2723.6
5.60E+01,1.90E+01,8433.9
5.60E+01,2.10E+01,118295.8
5.60E+01,2.30E+01,13497.2
5.60E+01,2.50E+01,9555.7
5.60E+01,2.70E+01,9324.3
5.60E+01,2.90E+01,72943.9
5.60E+01,3.10E+01,42738.2
5.60E+01,3.30E+01,17219
5.60E+01,3.50E+01,1392
5.60E+01,3.70E+01,7461.4
5.60E+01,3.90E+01,835.9
5.60E+01,4.10E+01,2856.7
5.60E+01,4.30E+01,41697.9
5.60E+01,4.50E+01,7517.3
